year,level_1,level_2,level_3,value
1980,Resident Households,Total HDB Dwellings,HDB 1- And 2-Room Flats,103500
1980,Resident Households,Total HDB Dwellings,HDB 3-Room Flats,152300
1980,Resident Households,Total HDB Dwellings,HDB 4-Room Flats,46300
1980,Resident Households,Total HDB Dwellings,HDB 5-Room And Executive Flats,16500
1983,Resident Households,Total HDB Dwellings,HDB 1- And 2-Room Flats,100900
1983,Resident Households,Total HDB Dwellings,HDB 3-Room Flats,190000
1983,Resident Households,Total HDB Dwellings,HDB 4-Room Flats,53200
1983,Resident Households,Total HDB Dwellings,HDB 5-Room And Executive Flats,28400
1984,Resident Households,Total HDB Dwellings,HDB 1- And 2-Room Flats,106900
1984,Resident Households,Total HDB Dwellings,HDB 3-Room Flats,206600
1984,Resident Households,Total HDB Dwellings,HDB 4-Room Flats,61400
1984,Resident Households,Total HDB Dwellings,HDB 5-Room And Executive Flats,32900
1985,Resident Households,Total HDB Dwellings,HDB 1- And 2-Room Flats,99900
1985,Resident Households,Total HDB Dwellings,HDB 3-Room Flats,228700
1985,Resident Households,Total HDB Dwellings,HDB 4-Room Flats,81200
1985,Resident Households,Total HDB Dwellings,HDB 5-Room And Executive Flats,34300
1986,Resident Households,Total HDB Dwellings,HDB 1- And 2-Room Flats,87200
1986,Resident Households,Total HDB Dwellings,HDB 3-Room Flats,224800
1986,Resident Households,Total HDB Dwellings,HDB 4-Room Flats,119200
1986,Resident Households,Total HDB Dwellings,HDB 5-Room And Executive Flats,48200
1987,Resident Households,Total HDB Dwellings,HDB 1- And 2-Room Flats,69100
1987,Resident Households,Total HDB Dwellings,HDB 3-Room Flats,228400
1987,Resident Households,Total HDB Dwellings,HDB 4-Room Flats,145800
1987,Resident Households,Total HDB Dwellings,HDB 5-Room And Executive Flats,59000
1988,Resident Households,Total HDB Dwellings,HDB 1- And 2-Room Flats,64400
1988,Resident Households,Total HDB Dwellings,HDB 3-Room Flats,244300
1988,Resident Households,Total HDB Dwellings,HDB 4-Room Flats,159900
1988,Resident Households,Total HDB Dwellings,HDB 5-Room And Executive Flats,65900
1989,Resident Households,Total HDB Dwellings,HDB 1- And 2-Room Flats,58100
1989,Resident Households,Total HDB Dwellings,HDB 3-Room Flats,264400
1989,Resident Households,Total HDB Dwellings,HDB 4-Room Flats,161800
1989,Resident Households,Total HDB Dwellings,HDB 5-Room And Executive Flats,69900
1990,Resident Households,Total HDB Dwellings,HDB 1- And 2-Room Flats,53900
1990,Resident Households,Total HDB Dwellings,HDB 3-Room Flats,233900
1990,Resident Households,Total HDB Dwellings,HDB 4-Room Flats,181500
1990,Resident Households,Total HDB Dwellings,HDB 5-Room And Executive Flats,86100
1991,Resident Households,Total HDB Dwellings,HDB 1- And 2-Room Flats,55600
1991,Resident Households,Total HDB Dwellings,HDB 3-Room Flats,257300
1991,Resident Households,Total HDB Dwellings,HDB 4-Room Flats,188300
1991,Resident Households,Total HDB Dwellings,HDB 5-Room And Executive Flats,88700
1992,Resident Households,Total HDB Dwellings,HDB 1- And 2-Room Flats,58900
1992,Resident Households,Total HDB Dwellings,HDB 3-Room Flats,251300
1992,Resident Households,Total HDB Dwellings,HDB 4-Room Flats,201700
1992,Resident Households,Total HDB Dwellings,HDB 5-Room And Executive Flats,94900
1993,Resident Households,Total HDB Dwellings,HDB 1- And 2-Room Flats,59100
1993,Resident Households,Total HDB Dwellings,HDB 3-Room Flats,256500
1993,Resident Households,Total HDB Dwellings,HDB 4-Room Flats,210800
1993,Resident Households,Total HDB Dwellings,HDB 5-Room And Executive Flats,98400
1994,Resident Households,Total HDB Dwellings,HDB 1- And 2-Room Flats,61900
1994,Resident Households,Total HDB Dwellings,HDB 3-Room Flats,247200
1994,Resident Households,Total HDB Dwellings,HDB 4-Room Flats,220300
1994,Resident Households,Total HDB Dwellings,HDB 5-Room And Executive Flats,121500
1995,Resident Households,Total HDB Dwellings,HDB 1- And 2-Room Flats,56700
1995,Resident Households,Total HDB Dwellings,HDB 3-Room Flats,249100
1995,Resident Households,Total HDB Dwellings,HDB 4-Room Flats,233800
1995,Resident Households,Total HDB Dwellings,HDB 5-Room And Executive Flats,134100
1996,Resident Households,Total HDB Dwellings,HDB 1- And 2-Room Flats,60900
1996,Resident Households,Total HDB Dwellings,HDB 3-Room Flats,250800
1996,Resident Households,Total HDB Dwellings,HDB 4-Room Flats,235500
1996,Resident Households,Total HDB Dwellings,HDB 5-Room And Executive Flats,154800
1997,Resident Households,Total HDB Dwellings,HDB 1- And 2-Room Flats,55300
1997,Resident Households,Total HDB Dwellings,HDB 3-Room Flats,248500
1997,Resident Households,Total HDB Dwellings,HDB 4-Room Flats,249800
1997,Resident Households,Total HDB Dwellings,HDB 5-Room And Executive Flats,160900
1998,Resident Households,Total HDB Dwellings,HDB 1- And 2-Room Flats,50900
1998,Resident Households,Total HDB Dwellings,HDB 3-Room Flats,238900
1998,Resident Households,Total HDB Dwellings,HDB 4-Room Flats,270600
1998,Resident Households,Total HDB Dwellings,HDB 5-Room And Executive Flats,180100
1999,Resident Households,Total HDB Dwellings,HDB 1- And 2-Room Flats,52300
1999,Resident Households,Total HDB Dwellings,HDB 3-Room Flats,238300
1999,Resident Households,Total HDB Dwellings,HDB 4-Room Flats,283400
1999,Resident Households,Total HDB Dwellings,HDB 5-Room And Executive Flats,193000
2000,Resident Households,Total HDB Dwellings,HDB 1- And 2-Room Flats,45600
2000,Resident Households,Total HDB Dwellings,HDB 3-Room Flats,235700
2000,Resident Households,Total HDB Dwellings,HDB 4-Room Flats,302600
2000,Resident Households,Total HDB Dwellings,HDB 5-Room And Executive Flats,215500
2001,Resident Households,Total HDB Dwellings,HDB 1- And 2-Room Flats,41800
2001,Resident Households,Total HDB Dwellings,HDB 3-Room Flats,233400
2001,Resident Households,Total HDB Dwellings,HDB 4-Room Flats,301400
2001,Resident Households,Total HDB Dwellings,HDB 5-Room And Executive Flats,226100
2002,Resident Households,Total HDB Dwellings,HDB 1- And 2-Room Flats,41400
2002,Resident Households,Total HDB Dwellings,HDB 3-Room Flats,225300
2002,Resident Households,Total HDB Dwellings,HDB 4-Room Flats,316000
2002,Resident Households,Total HDB Dwellings,HDB 5-Room And Executive Flats,239500
2003,Resident Households,Total HDB Dwellings,HDB 1- And 2-Room Flats,44200
2003,Resident Households,Total HDB Dwellings,HDB 3-Room Flats,225800
2003,Resident Households,Total HDB Dwellings,HDB 4-Room Flats,318400
2003,Resident Households,Total HDB Dwellings,HDB 5-Room And Executive Flats,244500
2004,Resident Households,Total HDB Dwellings,HDB 1- And 2-Room Flats,41200
2004,Resident Households,Total HDB Dwellings,HDB 3-Room Flats,224700
2004,Resident Households,Total HDB Dwellings,HDB 4-Room Flats,316400
2004,Resident Households,Total HDB Dwellings,HDB 5-Room And Executive Flats,255100
2005,Resident Households,Total HDB Dwellings,HDB 1- And 2-Room Flats,44500
2005,Resident Households,Total HDB Dwellings,HDB 3-Room Flats,211600
2005,Resident Households,Total HDB Dwellings,HDB 4-Room Flats,333200
2005,Resident Households,Total HDB Dwellings,HDB 5-Room And Executive Flats,273000
2006,Resident Households,Total HDB Dwellings,HDB 1- And 2-Room Flats,46200
2006,Resident Households,Total HDB Dwellings,HDB 3-Room Flats,229300
2006,Resident Households,Total HDB Dwellings,HDB 4-Room Flats,334300
2006,Resident Households,Total HDB Dwellings,HDB 5-Room And Executive Flats,261700
2007,Resident Households,Total HDB Dwellings,HDB 1- And 2-Room Flats,44700
2007,Resident Households,Total HDB Dwellings,HDB 3-Room Flats,221300
2007,Resident Households,Total HDB Dwellings,HDB 4-Room Flats,344600
2007,Resident Households,Total HDB Dwellings,HDB 5-Room And Executive Flats,280500
2008,Resident Households,Total HDB Dwellings,HDB 1- And 2-Room Flats,43000
2008,Resident Households,Total HDB Dwellings,HDB 3-Room Flats,223200
2008,Resident Households,Total HDB Dwellings,HDB 4-Room Flats,349700
2008,Resident Households,Total HDB Dwellings,HDB 5-Room And Executive Flats,286000
2009,Resident Households,Total HDB Dwellings,HDB 1- And 2-Room Flats,49700
2009,Resident Households,Total HDB Dwellings,HDB 3-Room Flats,226500
2009,Resident Households,Total HDB Dwellings,HDB 4-Room Flats,358800
2009,Resident Households,Total HDB Dwellings,HDB 5-Room And Executive Flats,297400
2010,Resident Households,Total HDB Dwellings,HDB 1- And 2-Room Flats,52300
2010,Resident Households,Total HDB Dwellings,HDB 3-Room Flats,229700
2010,Resident Households,Total HDB Dwellings,HDB 4-Room Flats,365400
2010,Resident Households,Total HDB Dwellings,HDB 5-Room And Executive Flats,293300
2011,Resident Households,Total HDB Dwellings,HDB 1- And 2-Room Flats,52200
2011,Resident Households,Total HDB Dwellings,HDB 3-Room Flats,233300
2011,Resident Households,Total HDB Dwellings,HDB 4-Room Flats,367500
2011,Resident Households,Total HDB Dwellings,HDB 5-Room And Executive Flats,291900
2012,Resident Households,Total HDB Dwellings,HDB 1- And 2-Room Flats,54000
2012,Resident Households,Total HDB Dwellings,HDB 3-Room Flats,214500
2012,Resident Households,Total HDB Dwellings,HDB 4-Room Flats,375400
2012,Resident Households,Total HDB Dwellings,HDB 5-Room And Executive Flats,293300
2013,Resident Households,Total HDB Dwellings,HDB 1- And 2-Room Flats,59100
2013,Resident Households,Total HDB Dwellings,HDB 3-Room Flats,223200
2013,Resident Households,Total HDB Dwellings,HDB 4-Room Flats,382400
2013,Resident Households,Total HDB Dwellings,HDB 5-Room And Executive Flats,294300
2014,Resident Households,Total HDB Dwellings,HDB 1- And 2-Room Flats,64000
2014,Resident Households,Total HDB Dwellings,HDB 3-Room Flats,220100
2014,Resident Households,Total HDB Dwellings,HDB 4-Room Flats,386000
2014,Resident Households,Total HDB Dwellings,HDB 5-Room And Executive Flats,292800
2015,Resident Households,Total HDB Dwellings,HDB 1- And 2-Room Flats,68800
2015,Resident Households,Total HDB Dwellings,HDB 3-Room Flats,223400
2015,Resident Households,Total HDB Dwellings,HDB 4-Room Flats,392300
2015,Resident Households,Total HDB Dwellings,HDB 5-Room And Executive Flats,295800
2016,Resident Households,Total HDB Dwellings,HDB 1- And 2-Room Flats,74100
2016,Resident Households,Total HDB Dwellings,HDB 3-Room Flats,230300
2016,Resident Households,Total HDB Dwellings,HDB 4-Room Flats,407400
2016,Resident Households,Total HDB Dwellings,HDB 5-Room And Executive Flats,298600
2017,Resident Households,Total HDB Dwellings,HDB 1- And 2-Room Flats,75400
2017,Resident Households,Total HDB Dwellings,HDB 3-Room Flats,229100
2017,Resident Households,Total HDB Dwellings,HDB 4-Room Flats,409900
2017,Resident Households,Total HDB Dwellings,HDB 5-Room And Executive Flats,302900