year,level_1,level_2,value
1980,Resident Households,Total HDB Dwellings,320400
1980,Resident Households,Condominiums And Other Apartments,18400
1980,Resident Households,Landed Properties,40100
1980,Resident Households,Other Types Of Dwelling,93700
1983,Resident Households,Total HDB Dwellings,372500
1983,Resident Households,Condominiums And Other Apartments,14300
1983,Resident Households,Landed Properties,41500
1983,Resident Households,Other Types Of Dwelling,70600
1984,Resident Households,Total HDB Dwellings,407800
1984,Resident Households,Condominiums And Other Apartments,15800
1984,Resident Households,Landed Properties,44500
1984,Resident Households,Other Types Of Dwelling,53700
1985,Resident Households,Total HDB Dwellings,448200
1985,Resident Households,Condominiums And Other Apartments,15000
1985,Resident Households,Landed Properties,44000
1985,Resident Households,Other Types Of Dwelling,44400
1986,Resident Households,Total HDB Dwellings,482300
1986,Resident Households,Condominiums And Other Apartments,18700
1986,Resident Households,Landed Properties,40500
1986,Resident Households,Other Types Of Dwelling,36400
1987,Resident Households,Total HDB Dwellings,508700
1987,Resident Households,Condominiums And Other Apartments,21500
1987,Resident Households,Landed Properties,34300
1987,Resident Households,Other Types Of Dwelling,29100
1988,Resident Households,Total HDB Dwellings,540000
1988,Resident Households,Condominiums And Other Apartments,25500
1988,Resident Households,Landed Properties,38400
1988,Resident Households,Other Types Of Dwelling,17900
1989,Resident Households,Total HDB Dwellings,560100
1989,Resident Households,Condominiums And Other Apartments,24500
1989,Resident Households,Landed Properties,44800
1989,Resident Households,Other Types Of Dwelling,18800
1990,Resident Households,Total HDB Dwellings,562400
1990,Resident Households,Condominiums And Other Apartments,30800
1990,Resident Households,Landed Properties,46300
1990,Resident Households,Other Types Of Dwelling,22200
1991,Resident Households,Total HDB Dwellings,595100
1991,Resident Households,Condominiums And Other Apartments,30800
1991,Resident Households,Landed Properties,49800
1991,Resident Households,Other Types Of Dwelling,12500
1992,Resident Households,Total HDB Dwellings,613600
1992,Resident Households,Condominiums And Other Apartments,32400
1992,Resident Households,Landed Properties,49700
1992,Resident Households,Other Types Of Dwelling,12800
1993,Resident Households,Total HDB Dwellings,631700
1993,Resident Households,Condominiums And Other Apartments,32000
1993,Resident Households,Landed Properties,51900
1993,Resident Households,Other Types Of Dwelling,9100
1994,Resident Households,Total HDB Dwellings,658200
1994,Resident Households,Condominiums And Other Apartments,32300
1994,Resident Households,Landed Properties,53100
1994,Resident Households,Other Types Of Dwelling,8300
1995,Resident Households,Total HDB Dwellings,680100
1995,Resident Households,Condominiums And Other Apartments,35200
1995,Resident Households,Landed Properties,46400
1995,Resident Households,Other Types Of Dwelling,6600
1996,Resident Households,Total HDB Dwellings,711200
1996,Resident Households,Condominiums And Other Apartments,34500
1996,Resident Households,Landed Properties,51800
1996,Resident Households,Other Types Of Dwelling,7300
1997,Resident Households,Total HDB Dwellings,721400
1997,Resident Households,Condominiums And Other Apartments,46000
1997,Resident Households,Landed Properties,48400
1997,Resident Households,Other Types Of Dwelling,8800
1998,Resident Households,Total HDB Dwellings,747000
1998,Resident Households,Condominiums And Other Apartments,45900
1998,Resident Households,Landed Properties,47800
1998,Resident Households,Other Types Of Dwelling,7200
1999,Resident Households,Total HDB Dwellings,773800
1999,Resident Households,Condominiums And Other Apartments,56400
1999,Resident Households,Landed Properties,52900
1999,Resident Households,Other Types Of Dwelling,6100
2000,Resident Households,Total HDB Dwellings,805000
2000,Resident Households,Condominiums And Other Apartments,59500
2000,Resident Households,Landed Properties,46300
2000,Resident Households,Other Types Of Dwelling,4300
2001,Resident Households,Total HDB Dwellings,807800
2001,Resident Households,Condominiums And Other Apartments,63600
2001,Resident Households,Landed Properties,57200
2001,Resident Households,Other Types Of Dwelling,5800
2002,Resident Households,Total HDB Dwellings,827600
2002,Resident Households,Condominiums And Other Apartments,68200
2002,Resident Households,Landed Properties,63200
2002,Resident Households,Other Types Of Dwelling,5500
2003,Resident Households,Total HDB Dwellings,837200
2003,Resident Households,Condominiums And Other Apartments,81700
2003,Resident Households,Landed Properties,66100
2003,Resident Households,Other Types Of Dwelling,4000
2004,Resident Households,Total HDB Dwellings,841900
2004,Resident Households,Condominiums And Other Apartments,101000
2004,Resident Households,Landed Properties,55900
2004,Resident Households,Other Types Of Dwelling,5000
2005,Resident Households,Total HDB Dwellings,865100
2005,Resident Households,Condominiums And Other Apartments,100100
2005,Resident Households,Landed Properties,55500
2005,Resident Households,Other Types Of Dwelling,3800
2006,Resident Households,Total HDB Dwellings,875700
2006,Resident Households,Condominiums And Other Apartments,114600
2006,Resident Households,Landed Properties,59800
2006,Resident Households,Other Types Of Dwelling,4000
2007,Resident Households,Total HDB Dwellings,894100
2007,Resident Households,Condominiums And Other Apartments,119300
2007,Resident Households,Landed Properties,57600
2007,Resident Households,Other Types Of Dwelling,3800
2008,Resident Households,Total HDB Dwellings,904600
2008,Resident Households,Condominiums And Other Apartments,122700
2008,Resident Households,Landed Properties,62500
2008,Resident Households,Other Types Of Dwelling,3400
2009,Resident Households,Total HDB Dwellings,935900
2009,Resident Households,Condominiums And Other Apartments,117800
2009,Resident Households,Landed Properties,61200
2009,Resident Households,Other Types Of Dwelling,4600
2010,Resident Households,Total HDB Dwellings,943700
2010,Resident Households,Condominiums And Other Apartments,132000
2010,Resident Households,Landed Properties,64900
2010,Resident Households,Other Types Of Dwelling,5300
2011,Resident Households,Total HDB Dwellings,948400
2011,Resident Households,Condominiums And Other Apartments,126900
2011,Resident Households,Landed Properties,66300
2011,Resident Households,Other Types Of Dwelling,4600
2012,Resident Households,Total HDB Dwellings,939500
2012,Resident Households,Condominiums And Other Apartments,139900
2012,Resident Households,Landed Properties,69000
2012,Resident Households,Other Types Of Dwelling,3600
2013,Resident Households,Total HDB Dwellings,961800
2013,Resident Households,Condominiums And Other Apartments,143700
2013,Resident Households,Landed Properties,65000
2013,Resident Households,Other Types Of Dwelling,4000
2014,Resident Households,Total HDB Dwellings,965200
2014,Resident Households,Condominiums And Other Apartments,161800
2014,Resident Households,Landed Properties,69400
2014,Resident Households,Other Types Of Dwelling,3600
2015,Resident Households,Total HDB Dwellings,981100
2015,Resident Households,Condominiums And Other Apartments,170800
2015,Resident Households,Landed Properties,69200
2015,Resident Households,Other Types Of Dwelling,4200
2016,Resident Households,Total HDB Dwellings,1011500
2016,Resident Households,Condominiums And Other Apartments,182400
2016,Resident Households,Landed Properties,66200
2016,Resident Households,Other Types Of Dwelling,3500
2017,Resident Households,Total HDB Dwellings,1018600
2017,Resident Households,Condominiums And Other Apartments,201700
2017,Resident Households,Landed Properties,66500
2017,Resident Households,Other Types Of Dwelling,3100