,Pokemon_ID,Name,Type,HP,Attack,Defense,Speed,Legendary,Normalised_Speed
0,1,Bulbasaur,Grass,45,49,49,45,False,0.22857142857142856
1,2,Ivysaur,Grass,60,62,63,60,False,0.3142857142857143
2,3,Venusaur,Grass,80,82,83,80,False,0.42857142857142855
3,3,VenusaurMega Venusaur,Grass,80,100,123,80,False,0.42857142857142855
4,4,Charmander,Fire,39,52,43,65,False,0.34285714285714286
5,5,Charmeleon,Fire,58,64,58,80,False,0.42857142857142855
6,6,Charizard,Fire,78,84,78,100,False,0.5428571428571428
7,6,CharizardMega Charizard X,Fire,78,130,111,100,False,0.5428571428571428
8,6,CharizardMega Charizard Y,Fire,78,104,78,100,False,0.5428571428571428
9,7,Squirtle,Water,44,48,65,43,False,0.21714285714285714
10,8,Wartortle,Water,59,63,80,58,False,0.3028571428571429
11,9,Blastoise,Water,79,83,100,78,False,0.41714285714285715
12,9,BlastoiseMega Blastoise,Water,79,103,120,78,False,0.41714285714285715
13,10,Caterpie,Bug,45,30,35,45,False,0.22857142857142856
14,11,Metapod,Bug,50,20,55,30,False,0.14285714285714285
15,12,Butterfree,Bug,60,45,50,70,False,0.37142857142857144
16,13,Weedle,Bug,40,35,30,50,False,0.2571428571428571
17,14,Kakuna,Bug,45,25,50,35,False,0.17142857142857143
18,15,Beedrill,Bug,65,90,40,75,False,0.4
19,15,BeedrillMega Beedrill,Bug,65,150,40,145,False,0.8
20,16,Pidgey,Normal,40,45,40,56,False,0.2914285714285714
21,17,Pidgeotto,Normal,63,60,55,71,False,0.37714285714285717
22,18,Pidgeot,Normal,83,80,75,101,False,0.5485714285714286
23,18,PidgeotMega Pidgeot,Normal,83,80,80,121,False,0.6628571428571428
24,19,Rattata,Normal,30,56,35,72,False,0.38285714285714284
25,20,Raticate,Normal,55,81,60,97,False,0.5257142857142857
26,21,Spearow,Normal,40,60,30,70,False,0.37142857142857144
27,22,Fearow,Normal,65,90,65,100,False,0.5428571428571428
28,23,Ekans,Poison,35,60,44,55,False,0.2857142857142857
29,24,Arbok,Poison,60,85,69,80,False,0.42857142857142855
30,25,Pikachu,Electric,35,55,40,90,False,0.4857142857142857
31,26,Raichu,Electric,60,90,55,110,False,0.6
32,27,Sandshrew,Ground,50,75,85,40,False,0.2
33,28,Sandslash,Ground,75,100,110,65,False,0.34285714285714286
34,29,Nidoran♀,Poison,55,47,52,41,False,0.2057142857142857
35,30,Nidorina,Poison,70,62,67,56,False,0.2914285714285714
36,31,Nidoqueen,Poison,90,92,87,76,False,0.4057142857142857
37,32,Nidoran♂,Poison,46,57,40,50,False,0.2571428571428571
38,33,Nidorino,Poison,61,72,57,65,False,0.34285714285714286
39,34,Nidoking,Poison,81,102,77,85,False,0.45714285714285713
40,35,Clefairy,Fairy,70,45,48,35,False,0.17142857142857143
41,36,Clefable,Fairy,95,70,73,60,False,0.3142857142857143
42,37,Vulpix,Fire,38,41,40,65,False,0.34285714285714286
43,38,Ninetales,Fire,73,76,75,100,False,0.5428571428571428
44,39,Jigglypuff,Normal,115,45,20,20,False,0.08571428571428572
45,40,Wigglytuff,Normal,140,70,45,45,False,0.22857142857142856
46,41,Zubat,Poison,40,45,35,55,False,0.2857142857142857
47,42,Golbat,Poison,75,80,70,90,False,0.4857142857142857
48,43,Oddish,Grass,45,50,55,30,False,0.14285714285714285
49,44,Gloom,Grass,60,65,70,40,False,0.2
50,45,Vileplume,Grass,75,80,85,50,False,0.2571428571428571
51,46,Paras,Bug,35,70,55,25,False,0.11428571428571428
52,47,Parasect,Bug,60,95,80,30,False,0.14285714285714285
53,48,Venonat,Bug,60,55,50,45,False,0.22857142857142856
54,49,Venomoth,Bug,70,65,60,90,False,0.4857142857142857
55,50,Diglett,Ground,10,55,25,95,False,0.5142857142857142
56,51,Dugtrio,Ground,35,80,50,120,False,0.6571428571428571
57,52,Meowth,Normal,40,45,35,90,False,0.4857142857142857
58,53,Persian,Normal,65,70,60,115,False,0.6285714285714286
59,54,Psyduck,Water,50,52,48,55,False,0.2857142857142857
60,55,Golduck,Water,80,82,78,85,False,0.45714285714285713
61,56,Mankey,Fighting,40,80,35,70,False,0.37142857142857144
62,57,Primeape,Fighting,65,105,60,95,False,0.5142857142857142
63,58,Growlithe,Fire,55,70,45,60,False,0.3142857142857143
64,59,Arcanine,Fire,90,110,80,95,False,0.5142857142857142
65,60,Poliwag,Water,40,50,40,90,False,0.4857142857142857
66,61,Poliwhirl,Water,65,65,65,90,False,0.4857142857142857
67,62,Poliwrath,Water,90,95,95,70,False,0.37142857142857144
68,63,Abra,Psychic,25,20,15,90,False,0.4857142857142857
69,64,Kadabra,Psychic,40,35,30,105,False,0.5714285714285714
70,65,Alakazam,Psychic,55,50,45,120,False,0.6571428571428571
71,65,AlakazamMega Alakazam,Psychic,55,50,65,150,False,0.8285714285714286
72,66,Machop,Fighting,70,80,50,35,False,0.17142857142857143
73,67,Machoke,Fighting,80,100,70,45,False,0.22857142857142856
74,68,Machamp,Fighting,90,130,80,55,False,0.2857142857142857
75,69,Bellsprout,Grass,50,75,35,40,False,0.2
76,70,Weepinbell,Grass,65,90,50,55,False,0.2857142857142857
77,71,Victreebel,Grass,80,105,65,70,False,0.37142857142857144
78,72,Tentacool,Water,40,40,35,70,False,0.37142857142857144
79,73,Tentacruel,Water,80,70,65,100,False,0.5428571428571428
80,74,Geodude,Rock,40,80,100,20,False,0.08571428571428572
81,75,Graveler,Rock,55,95,115,35,False,0.17142857142857143
82,76,Golem,Rock,80,120,130,45,False,0.22857142857142856
83,77,Ponyta,Fire,50,85,55,90,False,0.4857142857142857
84,78,Rapidash,Fire,65,100,70,105,False,0.5714285714285714
85,79,Slowpoke,Water,90,65,65,15,False,0.05714285714285714
86,80,Slowbro,Water,95,75,110,30,False,0.14285714285714285
87,80,SlowbroMega Slowbro,Water,95,75,180,30,False,0.14285714285714285
88,81,Magnemite,Electric,25,35,70,45,False,0.22857142857142856
89,82,Magneton,Electric,50,60,95,70,False,0.37142857142857144
90,83,Farfetch'd,Normal,52,65,55,60,False,0.3142857142857143
91,84,Doduo,Normal,35,85,45,75,False,0.4
92,85,Dodrio,Normal,60,110,70,100,False,0.5428571428571428
93,86,Seel,Water,65,45,55,45,False,0.22857142857142856
94,87,Dewgong,Water,90,70,80,70,False,0.37142857142857144
95,88,Grimer,Poison,80,80,50,25,False,0.11428571428571428
96,89,Muk,Poison,105,105,75,50,False,0.2571428571428571
97,90,Shellder,Water,30,65,100,40,False,0.2
98,91,Cloyster,Water,50,95,180,70,False,0.37142857142857144
99,92,Gastly,Ghost,30,35,30,80,False,0.42857142857142855
100,93,Haunter,Ghost,45,50,45,95,False,0.5142857142857142
101,94,Gengar,Ghost,60,65,60,110,False,0.6
102,94,GengarMega Gengar,Ghost,60,65,80,130,False,0.7142857142857143
103,95,Onix,Rock,35,45,160,70,False,0.37142857142857144
104,96,Drowzee,Psychic,60,48,45,42,False,0.21142857142857144
105,97,Hypno,Psychic,85,73,70,67,False,0.35428571428571426
106,98,Krabby,Water,30,105,90,50,False,0.2571428571428571
107,99,Kingler,Water,55,130,115,75,False,0.4
108,100,Voltorb,Electric,40,30,50,100,False,0.5428571428571428
109,101,Electrode,Electric,60,50,70,140,False,0.7714285714285715
110,102,Exeggcute,Grass,60,40,80,40,False,0.2
111,103,Exeggutor,Grass,95,95,85,55,False,0.2857142857142857
112,104,Cubone,Ground,50,50,95,35,False,0.17142857142857143
113,105,Marowak,Ground,60,80,110,45,False,0.22857142857142856
114,106,Hitmonlee,Fighting,50,120,53,87,False,0.4685714285714286
115,107,Hitmonchan,Fighting,50,105,79,76,False,0.4057142857142857
116,108,Lickitung,Normal,90,55,75,30,False,0.14285714285714285
117,109,Koffing,Poison,40,65,95,35,False,0.17142857142857143
118,110,Weezing,Poison,65,90,120,60,False,0.3142857142857143
119,111,Rhyhorn,Ground,80,85,95,25,False,0.11428571428571428
120,112,Rhydon,Ground,105,130,120,40,False,0.2
121,113,Chansey,Normal,250,5,5,50,False,0.2571428571428571
122,114,Tangela,Grass,65,55,115,60,False,0.3142857142857143
123,115,Kangaskhan,Normal,105,95,80,90,False,0.4857142857142857
124,115,KangaskhanMega Kangaskhan,Normal,105,125,100,100,False,0.5428571428571428
125,116,Horsea,Water,30,40,70,60,False,0.3142857142857143
126,117,Seadra,Water,55,65,95,85,False,0.45714285714285713
127,118,Goldeen,Water,45,67,60,63,False,0.3314285714285714
128,119,Seaking,Water,80,92,65,68,False,0.36
129,120,Staryu,Water,30,45,55,85,False,0.45714285714285713
130,121,Starmie,Water,60,75,85,115,False,0.6285714285714286
131,122,Mr. Mime,Psychic,40,45,65,90,False,0.4857142857142857
132,123,Scyther,Bug,70,110,80,105,False,0.5714285714285714
133,124,Jynx,Ice,65,50,35,95,False,0.5142857142857142
134,125,Electabuzz,Electric,65,83,57,105,False,0.5714285714285714
135,126,Magmar,Fire,65,95,57,93,False,0.5028571428571429
136,127,Pinsir,Bug,65,125,100,85,False,0.45714285714285713
137,127,PinsirMega Pinsir,Bug,65,155,120,105,False,0.5714285714285714
138,128,Tauros,Normal,75,100,95,110,False,0.6
139,129,Magikarp,Water,20,10,55,80,False,0.42857142857142855
140,130,Gyarados,Water,95,125,79,81,False,0.4342857142857143
141,130,GyaradosMega Gyarados,Water,95,155,109,81,False,0.4342857142857143
142,131,Lapras,Water,130,85,80,60,False,0.3142857142857143
143,132,Ditto,Normal,48,48,48,48,False,0.24571428571428572
144,133,Eevee,Normal,55,55,50,55,False,0.2857142857142857
145,134,Vaporeon,Water,130,65,60,65,False,0.34285714285714286
146,135,Jolteon,Electric,65,65,60,130,False,0.7142857142857143
147,136,Flareon,Fire,65,130,60,65,False,0.34285714285714286
148,137,Porygon,Normal,65,60,70,40,False,0.2
149,138,Omanyte,Rock,35,40,100,35,False,0.17142857142857143
150,139,Omastar,Rock,70,60,125,55,False,0.2857142857142857
151,140,Kabuto,Rock,30,80,90,55,False,0.2857142857142857
152,141,Kabutops,Rock,60,115,105,80,False,0.42857142857142855
153,142,Aerodactyl,Rock,80,105,65,130,False,0.7142857142857143
154,142,AerodactylMega Aerodactyl,Rock,80,135,85,150,False,0.8285714285714286
155,143,Snorlax,Normal,160,110,65,30,False,0.14285714285714285
156,144,Articuno,Ice,90,85,100,85,True,0.45714285714285713
157,145,Zapdos,Electric,90,90,85,100,True,0.5428571428571428
158,146,Moltres,Fire,90,100,90,90,True,0.4857142857142857
159,147,Dratini,Dragon,41,64,45,50,False,0.2571428571428571
160,148,Dragonair,Dragon,61,84,65,70,False,0.37142857142857144
161,149,Dragonite,Dragon,91,134,95,80,False,0.42857142857142855
162,150,Mewtwo,Psychic,106,110,90,130,True,0.7142857142857143
163,150,MewtwoMega Mewtwo X,Psychic,106,190,100,130,True,0.7142857142857143
164,150,MewtwoMega Mewtwo Y,Psychic,106,150,70,140,True,0.7714285714285715
165,151,Mew,Psychic,100,100,100,100,False,0.5428571428571428
166,152,Chikorita,Grass,45,49,65,45,False,0.22857142857142856
167,153,Bayleef,Grass,60,62,80,60,False,0.3142857142857143
168,154,Meganium,Grass,80,82,100,80,False,0.42857142857142855
169,155,Cyndaquil,Fire,39,52,43,65,False,0.34285714285714286
170,156,Quilava,Fire,58,64,58,80,False,0.42857142857142855
171,157,Typhlosion,Fire,78,84,78,100,False,0.5428571428571428
172,158,Totodile,Water,50,65,64,43,False,0.21714285714285714
173,159,Croconaw,Water,65,80,80,58,False,0.3028571428571429
174,160,Feraligatr,Water,85,105,100,78,False,0.41714285714285715
175,161,Sentret,Normal,35,46,34,20,False,0.08571428571428572
176,162,Furret,Normal,85,76,64,90,False,0.4857142857142857
177,163,Hoothoot,Normal,60,30,30,50,False,0.2571428571428571
178,164,Noctowl,Normal,100,50,50,70,False,0.37142857142857144
179,165,Ledyba,Bug,40,20,30,55,False,0.2857142857142857
180,166,Ledian,Bug,55,35,50,85,False,0.45714285714285713
181,167,Spinarak,Bug,40,60,40,30,False,0.14285714285714285
182,168,Ariados,Bug,70,90,70,40,False,0.2
183,169,Crobat,Poison,85,90,80,130,False,0.7142857142857143
184,170,Chinchou,Water,75,38,38,67,False,0.35428571428571426
185,171,Lanturn,Water,125,58,58,67,False,0.35428571428571426
186,172,Pichu,Electric,20,40,15,60,False,0.3142857142857143
187,173,Cleffa,Fairy,50,25,28,15,False,0.05714285714285714
188,174,Igglybuff,Normal,90,30,15,15,False,0.05714285714285714
189,175,Togepi,Fairy,35,20,65,20,False,0.08571428571428572
190,176,Togetic,Fairy,55,40,85,40,False,0.2
191,177,Natu,Psychic,40,50,45,70,False,0.37142857142857144
192,178,Xatu,Psychic,65,75,70,95,False,0.5142857142857142
193,179,Mareep,Electric,55,40,40,35,False,0.17142857142857143
194,180,Flaaffy,Electric,70,55,55,45,False,0.22857142857142856
195,181,Ampharos,Electric,90,75,85,55,False,0.2857142857142857
196,181,AmpharosMega Ampharos,Electric,90,95,105,45,False,0.22857142857142856
197,182,Bellossom,Grass,75,80,95,50,False,0.2571428571428571
198,183,Marill,Water,70,20,50,40,False,0.2
199,184,Azumarill,Water,100,50,80,50,False,0.2571428571428571
200,185,Sudowoodo,Rock,70,100,115,30,False,0.14285714285714285
201,186,Politoed,Water,90,75,75,70,False,0.37142857142857144
202,187,Hoppip,Grass,35,35,40,50,False,0.2571428571428571
203,188,Skiploom,Grass,55,45,50,80,False,0.42857142857142855
204,189,Jumpluff,Grass,75,55,70,110,False,0.6
205,190,Aipom,Normal,55,70,55,85,False,0.45714285714285713
206,191,Sunkern,Grass,30,30,30,30,False,0.14285714285714285
207,192,Sunflora,Grass,75,75,55,30,False,0.14285714285714285
208,193,Yanma,Bug,65,65,45,95,False,0.5142857142857142
209,194,Wooper,Water,55,45,45,15,False,0.05714285714285714
210,195,Quagsire,Water,95,85,85,35,False,0.17142857142857143
211,196,Espeon,Psychic,65,65,60,110,False,0.6
212,197,Umbreon,Dark,95,65,110,65,False,0.34285714285714286
213,198,Murkrow,Dark,60,85,42,91,False,0.49142857142857144
214,199,Slowking,Water,95,75,80,30,False,0.14285714285714285
215,200,Misdreavus,Ghost,60,60,60,85,False,0.45714285714285713
216,201,Unown,Psychic,48,72,48,48,False,0.24571428571428572
217,202,Wobbuffet,Psychic,190,33,58,33,False,0.16
218,203,Girafarig,Normal,70,80,65,85,False,0.45714285714285713
219,204,Pineco,Bug,50,65,90,15,False,0.05714285714285714
220,205,Forretress,Bug,75,90,140,40,False,0.2
221,206,Dunsparce,Normal,100,70,70,45,False,0.22857142857142856
222,207,Gligar,Ground,65,75,105,85,False,0.45714285714285713
223,208,Steelix,Steel,75,85,200,30,False,0.14285714285714285
224,208,SteelixMega Steelix,Steel,75,125,230,30,False,0.14285714285714285
225,209,Snubbull,Fairy,60,80,50,30,False,0.14285714285714285
226,210,Granbull,Fairy,90,120,75,45,False,0.22857142857142856
227,211,Qwilfish,Water,65,95,75,85,False,0.45714285714285713
228,212,Scizor,Bug,70,130,100,65,False,0.34285714285714286
229,212,ScizorMega Scizor,Bug,70,150,140,75,False,0.4
230,213,Shuckle,Bug,20,10,230,5,False,0.0
231,214,Heracross,Bug,80,125,75,85,False,0.45714285714285713
232,214,HeracrossMega Heracross,Bug,80,185,115,75,False,0.4
233,215,Sneasel,Dark,55,95,55,115,False,0.6285714285714286
234,216,Teddiursa,Normal,60,80,50,40,False,0.2
235,217,Ursaring,Normal,90,130,75,55,False,0.2857142857142857
236,218,Slugma,Fire,40,40,40,20,False,0.08571428571428572
237,219,Magcargo,Fire,50,50,120,30,False,0.14285714285714285
238,220,Swinub,Ice,50,50,40,50,False,0.2571428571428571
239,221,Piloswine,Ice,100,100,80,50,False,0.2571428571428571
240,222,Corsola,Water,55,55,85,35,False,0.17142857142857143
241,223,Remoraid,Water,35,65,35,65,False,0.34285714285714286
242,224,Octillery,Water,75,105,75,45,False,0.22857142857142856
243,225,Delibird,Ice,45,55,45,75,False,0.4
244,226,Mantine,Water,65,40,70,70,False,0.37142857142857144
245,227,Skarmory,Steel,65,80,140,70,False,0.37142857142857144
246,228,Houndour,Dark,45,60,30,65,False,0.34285714285714286
247,229,Houndoom,Dark,75,90,50,95,False,0.5142857142857142
248,229,HoundoomMega Houndoom,Dark,75,90,90,115,False,0.6285714285714286
249,230,Kingdra,Water,75,95,95,85,False,0.45714285714285713
250,231,Phanpy,Ground,90,60,60,40,False,0.2
251,232,Donphan,Ground,90,120,120,50,False,0.2571428571428571
252,233,Porygon2,Normal,85,80,90,60,False,0.3142857142857143
253,234,Stantler,Normal,73,95,62,85,False,0.45714285714285713
254,235,Smeargle,Normal,55,20,35,75,False,0.4
255,236,Tyrogue,Fighting,35,35,35,35,False,0.17142857142857143
256,237,Hitmontop,Fighting,50,95,95,70,False,0.37142857142857144
257,238,Smoochum,Ice,45,30,15,65,False,0.34285714285714286
258,239,Elekid,Electric,45,63,37,95,False,0.5142857142857142
259,240,Magby,Fire,45,75,37,83,False,0.44571428571428573
260,241,Miltank,Normal,95,80,105,100,False,0.5428571428571428
261,242,Blissey,Normal,255,10,10,55,False,0.2857142857142857
262,243,Raikou,Electric,90,85,75,115,True,0.6285714285714286
263,244,Entei,Fire,115,115,85,100,True,0.5428571428571428
264,245,Suicune,Water,100,75,115,85,True,0.45714285714285713
265,246,Larvitar,Rock,50,64,50,41,False,0.2057142857142857
266,247,Pupitar,Rock,70,84,70,51,False,0.26285714285714284
267,248,Tyranitar,Rock,100,134,110,61,False,0.32
268,248,TyranitarMega Tyranitar,Rock,100,164,150,71,False,0.37714285714285717
269,249,Lugia,Psychic,106,90,130,110,True,0.6
270,250,Ho-oh,Fire,106,130,90,90,True,0.4857142857142857
271,251,Celebi,Psychic,100,100,100,100,False,0.5428571428571428
272,252,Treecko,Grass,40,45,35,70,False,0.37142857142857144
273,253,Grovyle,Grass,50,65,45,95,False,0.5142857142857142
274,254,Sceptile,Grass,70,85,65,120,False,0.6571428571428571
275,254,SceptileMega Sceptile,Grass,70,110,75,145,False,0.8
276,255,Torchic,Fire,45,60,40,45,False,0.22857142857142856
277,256,Combusken,Fire,60,85,60,55,False,0.2857142857142857
278,257,Blaziken,Fire,80,120,70,80,False,0.42857142857142855
279,257,BlazikenMega Blaziken,Fire,80,160,80,100,False,0.5428571428571428
280,258,Mudkip,Water,50,70,50,40,False,0.2
281,259,Marshtomp,Water,70,85,70,50,False,0.2571428571428571
282,260,Swampert,Water,100,110,90,60,False,0.3142857142857143
283,260,SwampertMega Swampert,Water,100,150,110,70,False,0.37142857142857144
284,261,Poochyena,Dark,35,55,35,35,False,0.17142857142857143
285,262,Mightyena,Dark,70,90,70,70,False,0.37142857142857144
286,263,Zigzagoon,Normal,38,30,41,60,False,0.3142857142857143
287,264,Linoone,Normal,78,70,61,100,False,0.5428571428571428
288,265,Wurmple,Bug,45,45,35,20,False,0.08571428571428572
289,266,Silcoon,Bug,50,35,55,15,False,0.05714285714285714
290,267,Beautifly,Bug,60,70,50,65,False,0.34285714285714286
291,268,Cascoon,Bug,50,35,55,15,False,0.05714285714285714
292,269,Dustox,Bug,60,50,70,65,False,0.34285714285714286
293,270,Lotad,Water,40,30,30,30,False,0.14285714285714285
294,271,Lombre,Water,60,50,50,50,False,0.2571428571428571
295,272,Ludicolo,Water,80,70,70,70,False,0.37142857142857144
296,273,Seedot,Grass,40,40,50,30,False,0.14285714285714285
297,274,Nuzleaf,Grass,70,70,40,60,False,0.3142857142857143
298,275,Shiftry,Grass,90,100,60,80,False,0.42857142857142855
299,276,Taillow,Normal,40,55,30,85,False,0.45714285714285713
300,277,Swellow,Normal,60,85,60,125,False,0.6857142857142857
301,278,Wingull,Water,40,30,30,85,False,0.45714285714285713
302,279,Pelipper,Water,60,50,100,65,False,0.34285714285714286
303,280,Ralts,Psychic,28,25,25,40,False,0.2
304,281,Kirlia,Psychic,38,35,35,50,False,0.2571428571428571
305,282,Gardevoir,Psychic,68,65,65,80,False,0.42857142857142855
306,282,GardevoirMega Gardevoir,Psychic,68,85,65,100,False,0.5428571428571428
307,283,Surskit,Bug,40,30,32,65,False,0.34285714285714286
308,284,Masquerain,Bug,70,60,62,60,False,0.3142857142857143
309,285,Shroomish,Grass,60,40,60,35,False,0.17142857142857143
310,286,Breloom,Grass,60,130,80,70,False,0.37142857142857144
311,287,Slakoth,Normal,60,60,60,30,False,0.14285714285714285
312,288,Vigoroth,Normal,80,80,80,90,False,0.4857142857142857
313,289,Slaking,Normal,150,160,100,100,False,0.5428571428571428
314,290,Nincada,Bug,31,45,90,40,False,0.2
315,291,Ninjask,Bug,61,90,45,160,False,0.8857142857142857
316,292,Shedinja,Bug,1,90,45,40,False,0.2
317,293,Whismur,Normal,64,51,23,28,False,0.13142857142857142
318,294,Loudred,Normal,84,71,43,48,False,0.24571428571428572
319,295,Exploud,Normal,104,91,63,68,False,0.36
320,296,Makuhita,Fighting,72,60,30,25,False,0.11428571428571428
321,297,Hariyama,Fighting,144,120,60,50,False,0.2571428571428571
322,298,Azurill,Normal,50,20,40,20,False,0.08571428571428572
323,299,Nosepass,Rock,30,45,135,30,False,0.14285714285714285
324,300,Skitty,Normal,50,45,45,50,False,0.2571428571428571
325,301,Delcatty,Normal,70,65,65,70,False,0.37142857142857144
326,302,Sableye,Dark,50,75,75,50,False,0.2571428571428571
327,302,SableyeMega Sableye,Dark,50,85,125,20,False,0.08571428571428572
328,303,Mawile,Steel,50,85,85,50,False,0.2571428571428571
329,303,MawileMega Mawile,Steel,50,105,125,50,False,0.2571428571428571
330,304,Aron,Steel,50,70,100,30,False,0.14285714285714285
331,305,Lairon,Steel,60,90,140,40,False,0.2
332,306,Aggron,Steel,70,110,180,50,False,0.2571428571428571
333,306,AggronMega Aggron,Steel,70,140,230,50,False,0.2571428571428571
334,307,Meditite,Fighting,30,40,55,60,False,0.3142857142857143
335,308,Medicham,Fighting,60,60,75,80,False,0.42857142857142855
336,308,MedichamMega Medicham,Fighting,60,100,85,100,False,0.5428571428571428
337,309,Electrike,Electric,40,45,40,65,False,0.34285714285714286
338,310,Manectric,Electric,70,75,60,105,False,0.5714285714285714
339,310,ManectricMega Manectric,Electric,70,75,80,135,False,0.7428571428571429
340,311,Plusle,Electric,60,50,40,95,False,0.5142857142857142
341,312,Minun,Electric,60,40,50,95,False,0.5142857142857142
342,313,Volbeat,Bug,65,73,55,85,False,0.45714285714285713
343,314,Illumise,Bug,65,47,55,85,False,0.45714285714285713
344,315,Roselia,Grass,50,60,45,65,False,0.34285714285714286
345,316,Gulpin,Poison,70,43,53,40,False,0.2
346,317,Swalot,Poison,100,73,83,55,False,0.2857142857142857
347,318,Carvanha,Water,45,90,20,65,False,0.34285714285714286
348,319,Sharpedo,Water,70,120,40,95,False,0.5142857142857142
349,319,SharpedoMega Sharpedo,Water,70,140,70,105,False,0.5714285714285714
350,320,Wailmer,Water,130,70,35,60,False,0.3142857142857143
351,321,Wailord,Water,170,90,45,60,False,0.3142857142857143
352,322,Numel,Fire,60,60,40,35,False,0.17142857142857143
353,323,Camerupt,Fire,70,100,70,40,False,0.2
354,323,CameruptMega Camerupt,Fire,70,120,100,20,False,0.08571428571428572
355,324,Torkoal,Fire,70,85,140,20,False,0.08571428571428572
356,325,Spoink,Psychic,60,25,35,60,False,0.3142857142857143
357,326,Grumpig,Psychic,80,45,65,80,False,0.42857142857142855
358,327,Spinda,Normal,60,60,60,60,False,0.3142857142857143
359,328,Trapinch,Ground,45,100,45,10,False,0.02857142857142857
360,329,Vibrava,Ground,50,70,50,70,False,0.37142857142857144
361,330,Flygon,Ground,80,100,80,100,False,0.5428571428571428
362,331,Cacnea,Grass,50,85,40,35,False,0.17142857142857143
363,332,Cacturne,Grass,70,115,60,55,False,0.2857142857142857
364,333,Swablu,Normal,45,40,60,50,False,0.2571428571428571
365,334,Altaria,Dragon,75,70,90,80,False,0.42857142857142855
366,334,AltariaMega Altaria,Dragon,75,110,110,80,False,0.42857142857142855
367,335,Zangoose,Normal,73,115,60,90,False,0.4857142857142857
368,336,Seviper,Poison,73,100,60,65,False,0.34285714285714286
369,337,Lunatone,Rock,70,55,65,70,False,0.37142857142857144
370,338,Solrock,Rock,70,95,85,70,False,0.37142857142857144
371,339,Barboach,Water,50,48,43,60,False,0.3142857142857143
372,340,Whiscash,Water,110,78,73,60,False,0.3142857142857143
373,341,Corphish,Water,43,80,65,35,False,0.17142857142857143
374,342,Crawdaunt,Water,63,120,85,55,False,0.2857142857142857
375,343,Baltoy,Ground,40,40,55,55,False,0.2857142857142857
376,344,Claydol,Ground,60,70,105,75,False,0.4
377,345,Lileep,Rock,66,41,77,23,False,0.10285714285714286
378,346,Cradily,Rock,86,81,97,43,False,0.21714285714285714
379,347,Anorith,Rock,45,95,50,75,False,0.4
380,348,Armaldo,Rock,75,125,100,45,False,0.22857142857142856
381,349,Feebas,Water,20,15,20,80,False,0.42857142857142855
382,350,Milotic,Water,95,60,79,81,False,0.4342857142857143
383,351,Castform,Normal,70,70,70,70,False,0.37142857142857144
384,352,Kecleon,Normal,60,90,70,40,False,0.2
385,353,Shuppet,Ghost,44,75,35,45,False,0.22857142857142856
386,354,Banette,Ghost,64,115,65,65,False,0.34285714285714286
387,354,BanetteMega Banette,Ghost,64,165,75,75,False,0.4
388,355,Duskull,Ghost,20,40,90,25,False,0.11428571428571428
389,356,Dusclops,Ghost,40,70,130,25,False,0.11428571428571428
390,357,Tropius,Grass,99,68,83,51,False,0.26285714285714284
391,358,Chimecho,Psychic,65,50,70,65,False,0.34285714285714286
392,359,Absol,Dark,65,130,60,75,False,0.4
393,359,AbsolMega Absol,Dark,65,150,60,115,False,0.6285714285714286
394,360,Wynaut,Psychic,95,23,48,23,False,0.10285714285714286
395,361,Snorunt,Ice,50,50,50,50,False,0.2571428571428571
396,362,Glalie,Ice,80,80,80,80,False,0.42857142857142855
397,362,GlalieMega Glalie,Ice,80,120,80,100,False,0.5428571428571428
398,363,Spheal,Ice,70,40,50,25,False,0.11428571428571428
399,364,Sealeo,Ice,90,60,70,45,False,0.22857142857142856
400,365,Walrein,Ice,110,80,90,65,False,0.34285714285714286
401,366,Clamperl,Water,35,64,85,32,False,0.15428571428571428
402,367,Huntail,Water,55,104,105,52,False,0.26857142857142857
403,368,Gorebyss,Water,55,84,105,52,False,0.26857142857142857
404,369,Relicanth,Water,100,90,130,55,False,0.2857142857142857
405,370,Luvdisc,Water,43,30,55,97,False,0.5257142857142857
406,371,Bagon,Dragon,45,75,60,50,False,0.2571428571428571
407,372,Shelgon,Dragon,65,95,100,50,False,0.2571428571428571
408,373,Salamence,Dragon,95,135,80,100,False,0.5428571428571428
409,373,SalamenceMega Salamence,Dragon,95,145,130,120,False,0.6571428571428571
410,374,Beldum,Steel,40,55,80,30,False,0.14285714285714285
411,375,Metang,Steel,60,75,100,50,False,0.2571428571428571
412,376,Metagross,Steel,80,135,130,70,False,0.37142857142857144
413,376,MetagrossMega Metagross,Steel,80,145,150,110,False,0.6
414,377,Regirock,Rock,80,100,200,50,True,0.2571428571428571
415,378,Regice,Ice,80,50,100,50,True,0.2571428571428571
416,379,Registeel,Steel,80,75,150,50,True,0.2571428571428571
417,380,Latias,Dragon,80,80,90,110,True,0.6
418,380,LatiasMega Latias,Dragon,80,100,120,110,True,0.6
419,381,Latios,Dragon,80,90,80,110,True,0.6
420,381,LatiosMega Latios,Dragon,80,130,100,110,True,0.6
421,382,Kyogre,Water,100,100,90,90,True,0.4857142857142857
422,382,KyogrePrimal Kyogre,Water,100,150,90,90,True,0.4857142857142857
423,383,Groudon,Ground,100,150,140,90,True,0.4857142857142857
424,383,GroudonPrimal Groudon,Ground,100,180,160,90,True,0.4857142857142857
425,384,Rayquaza,Dragon,105,150,90,95,True,0.5142857142857142
426,384,RayquazaMega Rayquaza,Dragon,105,180,100,115,True,0.6285714285714286
427,385,Jirachi,Steel,100,100,100,100,True,0.5428571428571428
428,386,DeoxysNormal Forme,Psychic,50,150,50,150,True,0.8285714285714286
429,386,DeoxysAttack Forme,Psychic,50,180,20,150,True,0.8285714285714286
430,386,DeoxysDefense Forme,Psychic,50,70,160,90,True,0.4857142857142857
431,386,DeoxysSpeed Forme,Psychic,50,95,90,180,True,1.0
432,387,Turtwig,Grass,55,68,64,31,False,0.14857142857142858
433,388,Grotle,Grass,75,89,85,36,False,0.17714285714285713
434,389,Torterra,Grass,95,109,105,56,False,0.2914285714285714
435,390,Chimchar,Fire,44,58,44,61,False,0.32
436,391,Monferno,Fire,64,78,52,81,False,0.4342857142857143
437,392,Infernape,Fire,76,104,71,108,False,0.5885714285714285
438,393,Piplup,Water,53,51,53,40,False,0.2
439,394,Prinplup,Water,64,66,68,50,False,0.2571428571428571
440,395,Empoleon,Water,84,86,88,60,False,0.3142857142857143
441,396,Starly,Normal,40,55,30,60,False,0.3142857142857143
442,397,Staravia,Normal,55,75,50,80,False,0.42857142857142855
443,398,Staraptor,Normal,85,120,70,100,False,0.5428571428571428
444,399,Bidoof,Normal,59,45,40,31,False,0.14857142857142858
445,400,Bibarel,Normal,79,85,60,71,False,0.37714285714285717
446,401,Kricketot,Bug,37,25,41,25,False,0.11428571428571428
447,402,Kricketune,Bug,77,85,51,65,False,0.34285714285714286
448,403,Shinx,Electric,45,65,34,45,False,0.22857142857142856
449,404,Luxio,Electric,60,85,49,60,False,0.3142857142857143
450,405,Luxray,Electric,80,120,79,70,False,0.37142857142857144
451,406,Budew,Grass,40,30,35,55,False,0.2857142857142857
452,407,Roserade,Grass,60,70,65,90,False,0.4857142857142857
453,408,Cranidos,Rock,67,125,40,58,False,0.3028571428571429
454,409,Rampardos,Rock,97,165,60,58,False,0.3028571428571429
455,410,Shieldon,Rock,30,42,118,30,False,0.14285714285714285
456,411,Bastiodon,Rock,60,52,168,30,False,0.14285714285714285
457,412,Burmy,Bug,40,29,45,36,False,0.17714285714285713
458,413,WormadamPlant Cloak,Bug,60,59,85,36,False,0.17714285714285713
459,413,WormadamSandy Cloak,Bug,60,79,105,36,False,0.17714285714285713
460,413,WormadamTrash Cloak,Bug,60,69,95,36,False,0.17714285714285713
461,414,Mothim,Bug,70,94,50,66,False,0.3485714285714286
462,415,Combee,Bug,30,30,42,70,False,0.37142857142857144
463,416,Vespiquen,Bug,70,80,102,40,False,0.2
464,417,Pachirisu,Electric,60,45,70,95,False,0.5142857142857142
465,418,Buizel,Water,55,65,35,85,False,0.45714285714285713
466,419,Floatzel,Water,85,105,55,115,False,0.6285714285714286
467,420,Cherubi,Grass,45,35,45,35,False,0.17142857142857143
468,421,Cherrim,Grass,70,60,70,85,False,0.45714285714285713
469,422,Shellos,Water,76,48,48,34,False,0.1657142857142857
470,423,Gastrodon,Water,111,83,68,39,False,0.19428571428571428
471,424,Ambipom,Normal,75,100,66,115,False,0.6285714285714286
472,425,Drifloon,Ghost,90,50,34,70,False,0.37142857142857144
473,426,Drifblim,Ghost,150,80,44,80,False,0.42857142857142855
474,427,Buneary,Normal,55,66,44,85,False,0.45714285714285713
475,428,Lopunny,Normal,65,76,84,105,False,0.5714285714285714
476,428,LopunnyMega Lopunny,Normal,65,136,94,135,False,0.7428571428571429
477,429,Mismagius,Ghost,60,60,60,105,False,0.5714285714285714
478,430,Honchkrow,Dark,100,125,52,71,False,0.37714285714285717
479,431,Glameow,Normal,49,55,42,85,False,0.45714285714285713
480,432,Purugly,Normal,71,82,64,112,False,0.6114285714285714
481,433,Chingling,Psychic,45,30,50,45,False,0.22857142857142856
482,434,Stunky,Poison,63,63,47,74,False,0.3942857142857143
483,435,Skuntank,Poison,103,93,67,84,False,0.4514285714285714
484,436,Bronzor,Steel,57,24,86,23,False,0.10285714285714286
485,437,Bronzong,Steel,67,89,116,33,False,0.16
486,438,Bonsly,Rock,50,80,95,10,False,0.02857142857142857
487,439,Mime Jr.,Psychic,20,25,45,60,False,0.3142857142857143
488,440,Happiny,Normal,100,5,5,30,False,0.14285714285714285
489,441,Chatot,Normal,76,65,45,91,False,0.49142857142857144
490,442,Spiritomb,Ghost,50,92,108,35,False,0.17142857142857143
491,443,Gible,Dragon,58,70,45,42,False,0.21142857142857144
492,444,Gabite,Dragon,68,90,65,82,False,0.44
493,445,Garchomp,Dragon,108,130,95,102,False,0.5542857142857143
494,445,GarchompMega Garchomp,Dragon,108,170,115,92,False,0.49714285714285716
495,446,Munchlax,Normal,135,85,40,5,False,0.0
496,447,Riolu,Fighting,40,70,40,60,False,0.3142857142857143
497,448,Lucario,Fighting,70,110,70,90,False,0.4857142857142857
498,448,LucarioMega Lucario,Fighting,70,145,88,112,False,0.6114285714285714
499,449,Hippopotas,Ground,68,72,78,32,False,0.15428571428571428
500,450,Hippowdon,Ground,108,112,118,47,False,0.24
501,451,Skorupi,Poison,40,50,90,65,False,0.34285714285714286
502,452,Drapion,Poison,70,90,110,95,False,0.5142857142857142
503,453,Croagunk,Poison,48,61,40,50,False,0.2571428571428571
504,454,Toxicroak,Poison,83,106,65,85,False,0.45714285714285713
505,455,Carnivine,Grass,74,100,72,46,False,0.2342857142857143
506,456,Finneon,Water,49,49,56,66,False,0.3485714285714286
507,457,Lumineon,Water,69,69,76,91,False,0.49142857142857144
508,458,Mantyke,Water,45,20,50,50,False,0.2571428571428571
509,459,Snover,Grass,60,62,50,40,False,0.2
510,460,Abomasnow,Grass,90,92,75,60,False,0.3142857142857143
511,460,AbomasnowMega Abomasnow,Grass,90,132,105,30,False,0.14285714285714285
512,461,Weavile,Dark,70,120,65,125,False,0.6857142857142857
513,462,Magnezone,Electric,70,70,115,60,False,0.3142857142857143
514,463,Lickilicky,Normal,110,85,95,50,False,0.2571428571428571
515,464,Rhyperior,Ground,115,140,130,40,False,0.2
516,465,Tangrowth,Grass,100,100,125,50,False,0.2571428571428571
517,466,Electivire,Electric,75,123,67,95,False,0.5142857142857142
518,467,Magmortar,Fire,75,95,67,83,False,0.44571428571428573
519,468,Togekiss,Fairy,85,50,95,80,False,0.42857142857142855
520,469,Yanmega,Bug,86,76,86,95,False,0.5142857142857142
521,470,Leafeon,Grass,65,110,130,95,False,0.5142857142857142
522,471,Glaceon,Ice,65,60,110,65,False,0.34285714285714286
523,472,Gliscor,Ground,75,95,125,95,False,0.5142857142857142
524,473,Mamoswine,Ice,110,130,80,80,False,0.42857142857142855
525,474,Porygon-Z,Normal,85,80,70,90,False,0.4857142857142857
526,475,Gallade,Psychic,68,125,65,80,False,0.42857142857142855
527,475,GalladeMega Gallade,Psychic,68,165,95,110,False,0.6
528,476,Probopass,Rock,60,55,145,40,False,0.2
529,477,Dusknoir,Ghost,45,100,135,45,False,0.22857142857142856
530,478,Froslass,Ice,70,80,70,110,False,0.6
531,479,Rotom,Electric,50,50,77,91,False,0.49142857142857144
532,479,RotomHeat Rotom,Electric,50,65,107,86,False,0.46285714285714286
533,479,RotomWash Rotom,Electric,50,65,107,86,False,0.46285714285714286
534,479,RotomFrost Rotom,Electric,50,65,107,86,False,0.46285714285714286
535,479,RotomFan Rotom,Electric,50,65,107,86,False,0.46285714285714286
536,479,RotomMow Rotom,Electric,50,65,107,86,False,0.46285714285714286
537,480,Uxie,Psychic,75,75,130,95,True,0.5142857142857142
538,481,Mesprit,Psychic,80,105,105,80,True,0.42857142857142855
539,482,Azelf,Psychic,75,125,70,115,True,0.6285714285714286
540,483,Dialga,Steel,100,120,120,90,True,0.4857142857142857
541,484,Palkia,Water,90,120,100,100,True,0.5428571428571428
542,485,Heatran,Fire,91,90,106,77,True,0.4114285714285714
543,486,Regigigas,Normal,110,160,110,100,True,0.5428571428571428
544,487,GiratinaAltered Forme,Ghost,150,100,120,90,True,0.4857142857142857
545,487,GiratinaOrigin Forme,Ghost,150,120,100,90,True,0.4857142857142857
546,488,Cresselia,Psychic,120,70,120,85,False,0.45714285714285713
547,489,Phione,Water,80,80,80,80,False,0.42857142857142855
548,490,Manaphy,Water,100,100,100,100,False,0.5428571428571428
549,491,Darkrai,Dark,70,90,90,125,True,0.6857142857142857
550,492,ShayminLand Forme,Grass,100,100,100,100,True,0.5428571428571428
551,492,ShayminSky Forme,Grass,100,103,75,127,True,0.6971428571428572
552,493,Arceus,Normal,120,120,120,120,True,0.6571428571428571
553,494,Victini,Psychic,100,100,100,100,True,0.5428571428571428
554,495,Snivy,Grass,45,45,55,63,False,0.3314285714285714
555,496,Servine,Grass,60,60,75,83,False,0.44571428571428573
556,497,Serperior,Grass,75,75,95,113,False,0.6171428571428571
557,498,Tepig,Fire,65,63,45,45,False,0.22857142857142856
558,499,Pignite,Fire,90,93,55,55,False,0.2857142857142857
559,500,Emboar,Fire,110,123,65,65,False,0.34285714285714286
560,501,Oshawott,Water,55,55,45,45,False,0.22857142857142856
561,502,Dewott,Water,75,75,60,60,False,0.3142857142857143
562,503,Samurott,Water,95,100,85,70,False,0.37142857142857144
563,504,Patrat,Normal,45,55,39,42,False,0.21142857142857144
564,505,Watchog,Normal,60,85,69,77,False,0.4114285714285714
565,506,Lillipup,Normal,45,60,45,55,False,0.2857142857142857
566,507,Herdier,Normal,65,80,65,60,False,0.3142857142857143
567,508,Stoutland,Normal,85,110,90,80,False,0.42857142857142855
568,509,Purrloin,Dark,41,50,37,66,False,0.3485714285714286
569,510,Liepard,Dark,64,88,50,106,False,0.5771428571428572
570,511,Pansage,Grass,50,53,48,64,False,0.33714285714285713
571,512,Simisage,Grass,75,98,63,101,False,0.5485714285714286
572,513,Pansear,Fire,50,53,48,64,False,0.33714285714285713
573,514,Simisear,Fire,75,98,63,101,False,0.5485714285714286
574,515,Panpour,Water,50,53,48,64,False,0.33714285714285713
575,516,Simipour,Water,75,98,63,101,False,0.5485714285714286
576,517,Munna,Psychic,76,25,45,24,False,0.10857142857142857
577,518,Musharna,Psychic,116,55,85,29,False,0.13714285714285715
578,519,Pidove,Normal,50,55,50,43,False,0.21714285714285714
579,520,Tranquill,Normal,62,77,62,65,False,0.34285714285714286
580,521,Unfezant,Normal,80,115,80,93,False,0.5028571428571429
581,522,Blitzle,Electric,45,60,32,76,False,0.4057142857142857
582,523,Zebstrika,Electric,75,100,63,116,False,0.6342857142857142
583,524,Roggenrola,Rock,55,75,85,15,False,0.05714285714285714
584,525,Boldore,Rock,70,105,105,20,False,0.08571428571428572
585,526,Gigalith,Rock,85,135,130,25,False,0.11428571428571428
586,527,Woobat,Psychic,55,45,43,72,False,0.38285714285714284
587,528,Swoobat,Psychic,67,57,55,114,False,0.6228571428571429
588,529,Drilbur,Ground,60,85,40,68,False,0.36
589,530,Excadrill,Ground,110,135,60,88,False,0.4742857142857143
590,531,Audino,Normal,103,60,86,50,False,0.2571428571428571
591,531,AudinoMega Audino,Normal,103,60,126,50,False,0.2571428571428571
592,532,Timburr,Fighting,75,80,55,35,False,0.17142857142857143
593,533,Gurdurr,Fighting,85,105,85,40,False,0.2
594,534,Conkeldurr,Fighting,105,140,95,45,False,0.22857142857142856
595,535,Tympole,Water,50,50,40,64,False,0.33714285714285713
596,536,Palpitoad,Water,75,65,55,69,False,0.3657142857142857
597,537,Seismitoad,Water,105,95,75,74,False,0.3942857142857143
598,538,Throh,Fighting,120,100,85,45,False,0.22857142857142856
599,539,Sawk,Fighting,75,125,75,85,False,0.45714285714285713
600,540,Sewaddle,Bug,45,53,70,42,False,0.21142857142857144
601,541,Swadloon,Bug,55,63,90,42,False,0.21142857142857144
602,542,Leavanny,Bug,75,103,80,92,False,0.49714285714285716
603,543,Venipede,Bug,30,45,59,57,False,0.29714285714285715
604,544,Whirlipede,Bug,40,55,99,47,False,0.24
605,545,Scolipede,Bug,60,100,89,112,False,0.6114285714285714
606,546,Cottonee,Grass,40,27,60,66,False,0.3485714285714286
607,547,Whimsicott,Grass,60,67,85,116,False,0.6342857142857142
608,548,Petilil,Grass,45,35,50,30,False,0.14285714285714285
609,549,Lilligant,Grass,70,60,75,90,False,0.4857142857142857
610,550,Basculin,Water,70,92,65,98,False,0.5314285714285715
611,551,Sandile,Ground,50,72,35,65,False,0.34285714285714286
612,552,Krokorok,Ground,60,82,45,74,False,0.3942857142857143
613,553,Krookodile,Ground,95,117,80,92,False,0.49714285714285716
614,554,Darumaka,Fire,70,90,45,50,False,0.2571428571428571
615,555,DarmanitanStandard Mode,Fire,105,140,55,95,False,0.5142857142857142
616,555,DarmanitanZen Mode,Fire,105,30,105,55,False,0.2857142857142857
617,556,Maractus,Grass,75,86,67,60,False,0.3142857142857143
618,557,Dwebble,Bug,50,65,85,55,False,0.2857142857142857
619,558,Crustle,Bug,70,95,125,45,False,0.22857142857142856
620,559,Scraggy,Dark,50,75,70,48,False,0.24571428571428572
621,560,Scrafty,Dark,65,90,115,58,False,0.3028571428571429
622,561,Sigilyph,Psychic,72,58,80,97,False,0.5257142857142857
623,562,Yamask,Ghost,38,30,85,30,False,0.14285714285714285
624,563,Cofagrigus,Ghost,58,50,145,30,False,0.14285714285714285
625,564,Tirtouga,Water,54,78,103,22,False,0.09714285714285714
626,565,Carracosta,Water,74,108,133,32,False,0.15428571428571428
627,566,Archen,Rock,55,112,45,70,False,0.37142857142857144
628,567,Archeops,Rock,75,140,65,110,False,0.6
629,568,Trubbish,Poison,50,50,62,65,False,0.34285714285714286
630,569,Garbodor,Poison,80,95,82,75,False,0.4
631,570,Zorua,Dark,40,65,40,65,False,0.34285714285714286
632,571,Zoroark,Dark,60,105,60,105,False,0.5714285714285714
633,572,Minccino,Normal,55,50,40,75,False,0.4
634,573,Cinccino,Normal,75,95,60,115,False,0.6285714285714286
635,574,Gothita,Psychic,45,30,50,45,False,0.22857142857142856
636,575,Gothorita,Psychic,60,45,70,55,False,0.2857142857142857
637,576,Gothitelle,Psychic,70,55,95,65,False,0.34285714285714286
638,577,Solosis,Psychic,45,30,40,20,False,0.08571428571428572
639,578,Duosion,Psychic,65,40,50,30,False,0.14285714285714285
640,579,Reuniclus,Psychic,110,65,75,30,False,0.14285714285714285
641,580,Ducklett,Water,62,44,50,55,False,0.2857142857142857
642,581,Swanna,Water,75,87,63,98,False,0.5314285714285715
643,582,Vanillite,Ice,36,50,50,44,False,0.22285714285714286
644,583,Vanillish,Ice,51,65,65,59,False,0.30857142857142855
645,584,Vanilluxe,Ice,71,95,85,79,False,0.4228571428571429
646,585,Deerling,Normal,60,60,50,75,False,0.4
647,586,Sawsbuck,Normal,80,100,70,95,False,0.5142857142857142
648,587,Emolga,Electric,55,75,60,103,False,0.56
649,588,Karrablast,Bug,50,75,45,60,False,0.3142857142857143
650,589,Escavalier,Bug,70,135,105,20,False,0.08571428571428572
651,590,Foongus,Grass,69,55,45,15,False,0.05714285714285714
652,591,Amoonguss,Grass,114,85,70,30,False,0.14285714285714285
653,592,Frillish,Water,55,40,50,40,False,0.2
654,593,Jellicent,Water,100,60,70,60,False,0.3142857142857143
655,594,Alomomola,Water,165,75,80,65,False,0.34285714285714286
656,595,Joltik,Bug,50,47,50,65,False,0.34285714285714286
657,596,Galvantula,Bug,70,77,60,108,False,0.5885714285714285
658,597,Ferroseed,Grass,44,50,91,10,False,0.02857142857142857
659,598,Ferrothorn,Grass,74,94,131,20,False,0.08571428571428572
660,599,Klink,Steel,40,55,70,30,False,0.14285714285714285
661,600,Klang,Steel,60,80,95,50,False,0.2571428571428571
662,601,Klinklang,Steel,60,100,115,90,False,0.4857142857142857
663,602,Tynamo,Electric,35,55,40,60,False,0.3142857142857143
664,603,Eelektrik,Electric,65,85,70,40,False,0.2
665,604,Eelektross,Electric,85,115,80,50,False,0.2571428571428571
666,605,Elgyem,Psychic,55,55,55,30,False,0.14285714285714285
667,606,Beheeyem,Psychic,75,75,75,40,False,0.2
668,607,Litwick,Ghost,50,30,55,20,False,0.08571428571428572
669,608,Lampent,Ghost,60,40,60,55,False,0.2857142857142857
670,609,Chandelure,Ghost,60,55,90,80,False,0.42857142857142855
671,610,Axew,Dragon,46,87,60,57,False,0.29714285714285715
672,611,Fraxure,Dragon,66,117,70,67,False,0.35428571428571426
673,612,Haxorus,Dragon,76,147,90,97,False,0.5257142857142857
674,613,Cubchoo,Ice,55,70,40,40,False,0.2
675,614,Beartic,Ice,95,110,80,50,False,0.2571428571428571
676,615,Cryogonal,Ice,70,50,30,105,False,0.5714285714285714
677,616,Shelmet,Bug,50,40,85,25,False,0.11428571428571428
678,617,Accelgor,Bug,80,70,40,145,False,0.8
679,618,Stunfisk,Ground,109,66,84,32,False,0.15428571428571428
680,619,Mienfoo,Fighting,45,85,50,65,False,0.34285714285714286
681,620,Mienshao,Fighting,65,125,60,105,False,0.5714285714285714
682,621,Druddigon,Dragon,77,120,90,48,False,0.24571428571428572
683,622,Golett,Ground,59,74,50,35,False,0.17142857142857143
684,623,Golurk,Ground,89,124,80,55,False,0.2857142857142857
685,624,Pawniard,Dark,45,85,70,60,False,0.3142857142857143
686,625,Bisharp,Dark,65,125,100,70,False,0.37142857142857144
687,626,Bouffalant,Normal,95,110,95,55,False,0.2857142857142857
688,627,Rufflet,Normal,70,83,50,60,False,0.3142857142857143
689,628,Braviary,Normal,100,123,75,80,False,0.42857142857142855
690,629,Vullaby,Dark,70,55,75,60,False,0.3142857142857143
691,630,Mandibuzz,Dark,110,65,105,80,False,0.42857142857142855
692,631,Heatmor,Fire,85,97,66,65,False,0.34285714285714286
693,632,Durant,Bug,58,109,112,109,False,0.5942857142857143
694,633,Deino,Dark,52,65,50,38,False,0.18857142857142858
695,634,Zweilous,Dark,72,85,70,58,False,0.3028571428571429
696,635,Hydreigon,Dark,92,105,90,98,False,0.5314285714285715
697,636,Larvesta,Bug,55,85,55,60,False,0.3142857142857143
698,637,Volcarona,Bug,85,60,65,100,False,0.5428571428571428
699,638,Cobalion,Steel,91,90,129,108,True,0.5885714285714285
700,639,Terrakion,Rock,91,129,90,108,True,0.5885714285714285
701,640,Virizion,Grass,91,90,72,108,True,0.5885714285714285
702,641,TornadusIncarnate Forme,Flying,79,115,70,111,True,0.6057142857142858
703,641,TornadusTherian Forme,Flying,79,100,80,121,True,0.6628571428571428
704,642,ThundurusIncarnate Forme,Electric,79,115,70,111,True,0.6057142857142858
705,642,ThundurusTherian Forme,Electric,79,105,70,101,True,0.5485714285714286
706,643,Reshiram,Dragon,100,120,100,90,True,0.4857142857142857
707,644,Zekrom,Dragon,100,150,120,90,True,0.4857142857142857
708,645,LandorusIncarnate Forme,Ground,89,125,90,101,True,0.5485714285714286
709,645,LandorusTherian Forme,Ground,89,145,90,91,True,0.49142857142857144
710,646,Kyurem,Dragon,125,130,90,95,True,0.5142857142857142
711,646,KyuremBlack Kyurem,Dragon,125,170,100,95,True,0.5142857142857142
712,646,KyuremWhite Kyurem,Dragon,125,120,90,95,True,0.5142857142857142
713,647,KeldeoOrdinary Forme,Water,91,72,90,108,False,0.5885714285714285
714,647,KeldeoResolute Forme,Water,91,72,90,108,False,0.5885714285714285
715,648,MeloettaAria Forme,Normal,100,77,77,90,False,0.4857142857142857
716,648,MeloettaPirouette Forme,Normal,100,128,90,128,False,0.7028571428571428
717,649,Genesect,Bug,71,120,95,99,False,0.5371428571428571
718,650,Chespin,Grass,56,61,65,38,False,0.18857142857142858
719,651,Quilladin,Grass,61,78,95,57,False,0.29714285714285715
720,652,Chesnaught,Grass,88,107,122,64,False,0.33714285714285713
721,653,Fennekin,Fire,40,45,40,60,False,0.3142857142857143
722,654,Braixen,Fire,59,59,58,73,False,0.38857142857142857
723,655,Delphox,Fire,75,69,72,104,False,0.5657142857142857
724,656,Froakie,Water,41,56,40,71,False,0.37714285714285717
725,657,Frogadier,Water,54,63,52,97,False,0.5257142857142857
726,658,Greninja,Water,72,95,67,122,False,0.6685714285714286
727,659,Bunnelby,Normal,38,36,38,57,False,0.29714285714285715
728,660,Diggersby,Normal,85,56,77,78,False,0.41714285714285715
729,661,Fletchling,Normal,45,50,43,62,False,0.32571428571428573
730,662,Fletchinder,Fire,62,73,55,84,False,0.4514285714285714
731,663,Talonflame,Fire,78,81,71,126,False,0.6914285714285714
732,664,Scatterbug,Bug,38,35,40,35,False,0.17142857142857143
733,665,Spewpa,Bug,45,22,60,29,False,0.13714285714285715
734,666,Vivillon,Bug,80,52,50,89,False,0.48
735,667,Litleo,Fire,62,50,58,72,False,0.38285714285714284
736,668,Pyroar,Fire,86,68,72,106,False,0.5771428571428572
737,669,Flabébé,Fairy,44,38,39,42,False,0.21142857142857144
738,670,Floette,Fairy,54,45,47,52,False,0.26857142857142857
739,671,Florges,Fairy,78,65,68,75,False,0.4
740,672,Skiddo,Grass,66,65,48,52,False,0.26857142857142857
741,673,Gogoat,Grass,123,100,62,68,False,0.36
742,674,Pancham,Fighting,67,82,62,43,False,0.21714285714285714
743,675,Pangoro,Fighting,95,124,78,58,False,0.3028571428571429
744,676,Furfrou,Normal,75,80,60,102,False,0.5542857142857143
745,677,Espurr,Psychic,62,48,54,68,False,0.36
746,678,MeowsticMale,Psychic,74,48,76,104,False,0.5657142857142857
747,678,MeowsticFemale,Psychic,74,48,76,104,False,0.5657142857142857
748,679,Honedge,Steel,45,80,100,28,False,0.13142857142857142
749,680,Doublade,Steel,59,110,150,35,False,0.17142857142857143
750,681,AegislashBlade Forme,Steel,60,150,50,60,False,0.3142857142857143
751,681,AegislashShield Forme,Steel,60,50,150,60,False,0.3142857142857143
752,682,Spritzee,Fairy,78,52,60,23,False,0.10285714285714286
753,683,Aromatisse,Fairy,101,72,72,29,False,0.13714285714285715
754,684,Swirlix,Fairy,62,48,66,49,False,0.25142857142857145
755,685,Slurpuff,Fairy,82,80,86,72,False,0.38285714285714284
756,686,Inkay,Dark,53,54,53,45,False,0.22857142857142856
757,687,Malamar,Dark,86,92,88,73,False,0.38857142857142857
758,688,Binacle,Rock,42,52,67,50,False,0.2571428571428571
759,689,Barbaracle,Rock,72,105,115,68,False,0.36
760,690,Skrelp,Poison,50,60,60,30,False,0.14285714285714285
761,691,Dragalge,Poison,65,75,90,44,False,0.22285714285714286
762,692,Clauncher,Water,50,53,62,44,False,0.22285714285714286
763,693,Clawitzer,Water,71,73,88,59,False,0.30857142857142855
764,694,Helioptile,Electric,44,38,33,70,False,0.37142857142857144
765,695,Heliolisk,Electric,62,55,52,109,False,0.5942857142857143
766,696,Tyrunt,Rock,58,89,77,48,False,0.24571428571428572
767,697,Tyrantrum,Rock,82,121,119,71,False,0.37714285714285717
768,698,Amaura,Rock,77,59,50,46,False,0.2342857142857143
769,699,Aurorus,Rock,123,77,72,58,False,0.3028571428571429
770,700,Sylveon,Fairy,95,65,65,60,False,0.3142857142857143
771,701,Hawlucha,Fighting,78,92,75,118,False,0.6457142857142857
772,702,Dedenne,Electric,67,58,57,101,False,0.5485714285714286
773,703,Carbink,Rock,50,50,150,50,False,0.2571428571428571
774,704,Goomy,Dragon,45,50,35,40,False,0.2
775,705,Sliggoo,Dragon,68,75,53,60,False,0.3142857142857143
776,706,Goodra,Dragon,90,100,70,80,False,0.42857142857142855
777,707,Klefki,Steel,57,80,91,75,False,0.4
778,708,Phantump,Ghost,43,70,48,38,False,0.18857142857142858
779,709,Trevenant,Ghost,85,110,76,56,False,0.2914285714285714
780,710,PumpkabooAverage Size,Ghost,49,66,70,51,False,0.26285714285714284
781,710,PumpkabooSmall Size,Ghost,44,66,70,56,False,0.2914285714285714
782,710,PumpkabooLarge Size,Ghost,54,66,70,46,False,0.2342857142857143
783,710,PumpkabooSuper Size,Ghost,59,66,70,41,False,0.2057142857142857
784,711,GourgeistAverage Size,Ghost,65,90,122,84,False,0.4514285714285714
785,711,GourgeistSmall Size,Ghost,55,85,122,99,False,0.5371428571428571
786,711,GourgeistLarge Size,Ghost,75,95,122,69,False,0.3657142857142857
787,711,GourgeistSuper Size,Ghost,85,100,122,54,False,0.28
788,712,Bergmite,Ice,55,69,85,28,False,0.13142857142857142
789,713,Avalugg,Ice,95,117,184,28,False,0.13142857142857142
790,714,Noibat,Flying,40,30,35,55,False,0.2857142857142857
791,715,Noivern,Flying,85,70,80,123,False,0.6742857142857143
792,716,Xerneas,Fairy,126,131,95,99,True,0.5371428571428571
793,717,Yveltal,Dark,126,131,95,99,True,0.5371428571428571
794,718,Zygarde50% Forme,Dragon,108,100,121,95,True,0.5142857142857142
795,719,Diancie,Rock,50,100,150,50,True,0.2571428571428571
796,719,DiancieMega Diancie,Rock,50,160,110,110,True,0.6
797,720,HoopaHoopa Confined,Psychic,80,110,60,70,True,0.37142857142857144
798,720,HoopaHoopa Unbound,Psychic,80,160,60,80,True,0.42857142857142855
799,721,Volcanion,Fire,80,110,120,70,True,0.37142857142857144
