|country|points|price
0|New Zealand|85|20.0
1|US|90|80.0
2|France|93|
3|Chile|87|10.0
4|US|95|45.0
5|US|86|22.0
6|US|83|40.0
7|Italy|88|55.0
8|US|85|20.0
9|Spain|88|15.0
10|Italy|87|20.0
11|France|89|19.0
12|Argentina|83|20.0
13|US|84|13.0
14|Spain|86|14.0
15|France|86|18.0
16|France|90|57.0
17|US|85|30.0
18|Italy|88|38.0
19|Spain|88|19.0
20|US|88|50.0
21|Spain|83|10.0
22|Austria|86|25.0
23|US|90|15.0
24|Italy|89|22.0
25|US|91|25.0
26|Germany|92|26.0
27|US|88|20.0
28|Austria|85|13.0
29|US|87|35.0
30|Italy|91|
31|US|92|42.0
32|Chile|83|22.0
33|US|87|28.0
34|US|89|25.0
35|Italy|87|12.0
36|Spain|87|49.0
37|US|90|65.0
38|US|85|32.0
39|Spain|84|16.0
40|US|86|45.0
41|France|92|
42|Australia|91|22.0
43|US|91|38.0
44|US|90|50.0
45|Italy|84|10.0
46|Spain|82|12.0
47|France|87|15.0
48|France|90|
49|France|90|28.0
50|US|92|34.0
51|Spain|88|38.0
52|US|89|48.0
53|US|91|45.0
54|US|89|22.0
55|US|85|35.0
56|US|87|24.0
57|US|85|45.0
58|US|88|32.0
59|Australia|88|16.0
60|Hungary|86|15.0
61|Austria|94|
62|US|92|80.0
63|Italy|87|
64|Chile|89|55.0
65|Spain|82|9.0
66|Argentina|87|11.0
67|US|88|49.0
68|Italy|87|15.0
69|US|87|24.0
70|US|86|15.0
71|US|85|15.0
72|US|84|15.0
73|France|90|
74|France|85|19.0
75|US|87|25.0
76|US|88|16.0
77|US|92|47.0
78|France|87|14.0
79|Germany|86|16.0
80|France|89|115.0
81|Chile|90|50.0
82|US|93|50.0
83|France|90|22.0
84|Italy|88|30.0
85|US|93|50.0
86|US|91|39.0
87|Chile|86|14.0
88|Australia|84|7.0
89|Spain|82|10.0
90|US|83|10.0
91|Italy|89|26.0
92|US|88|38.0
93|US|86|9.0
94|Germany|89|29.0
95|Italy|87|20.0
96|France|89|20.0
97|US|90|22.0
98|New Zealand|88|18.0
99|Portugal|87|8.0
100|Argentina|87|8.0
101|Australia|89|19.0
102|France|95|116.0
103|US|92|38.0
104|France|88|
105|Austria|90|26.0
106|New Zealand|85|16.0
107|Argentina|82|9.0
108|US|93|50.0
109|US|90|14.0
110|US|92|30.0
111|Italy|87|14.0
112|France|84|15.0
113|Chile|81|12.0
114|France|92|74.0
115|Germany|87|26.0
116|Italy|87|28.0
117|France|87|13.0
118|Italy|90|23.0
119|US|84|20.0
120|Portugal|92|95.0
121|Italy|86|
122|Germany|86|18.0
123|France|90|45.0
124|US|86|16.0
125|Italy|95|55.0
126|France|84|
127|US|86|40.0
128|US|91|60.0
129|Portugal|88|15.0
130|France|84|8.0
131|France|97|
132|Italy|87|
133|US|86|24.0
134|US|91|40.0
135|Italy|88|39.0
136|Argentina|85|12.0
137|US|90|30.0
138|Austria|92|15.0
139|France|91|
140|US|87|25.0
141|US|87|14.0
142|France|92|149.0
143|Austria|91|35.0
144|France|94|48.0
145|France|87|13.0
146|Italy|87|
147|Italy|87|
148|US|81|6.0
149|Spain|84|17.0
150|US|87|50.0
151|US|85|11.0
152|Italy|86|15.0
153|France|92|35.0
154|US|91|40.0
155|France|89|
156|France|91|40.0
157|US|85|25.0
158|Chile|87|15.0
159|US|95|175.0
160|Argentina|84|13.0
161|US|85|35.0
162|Spain|87|14.0
163|US|88|25.0
164|Greece|86|14.0
165|Italy|91|30.0
166|Italy|88|20.0
167|France|85|12.0
168|France|92|70.0
169|France|93|
170|Israel|88|24.0
171|US|92|49.0
172|Portugal|87|
173|US|85|18.0
174|US|90|135.0
175|Argentina|85|12.0
176|Austria|91|36.0
177|Chile|84|7.0
178|Italy|89|50.0
179|France|82|10.0
180|France|89|20.0
181|Portugal|84|8.0
182|US|92|18.0
183|US|87|36.0
184|France|89|23.0
185|Italy|92|48.0
186|France|85|15.0
187|Italy|90|23.0
188|US|91|42.0
189|France|84|11.0
190|Argentina|88|14.0
191|US|86|28.0
192|Spain|91|50.0
193|Italy|86|
194|US|89|50.0
195|France|91|
196|US|87|27.0
197|France|86|19.0
198|Italy|85|14.0
199|Italy|87|18.0
200|Italy|86|17.0
201|US|90|65.0
202|South Africa|86|15.0
203|US|88|50.0
204|Argentina|84|16.0
205|France|86|
206|Spain|84|11.0
207|US|88|48.0
208|US|91|49.0
209|US|90|35.0
210|Spain|90|35.0
211|US|87|59.0
212|Austria|84|22.0
213|Austria|84|17.0
214|US|91|42.0
215|France|93|85.0
216|Spain|87|18.0
217|Italy|88|
218|US|81|13.0
219|Italy|90|25.0
220|US|85|40.0
221|Spain|92|41.0
222|Portugal|85|9.0
223|Portugal|90|25.0
224|US|90|28.0
225|US|89|45.0
226|France|85|
227|New Zealand|91|50.0
228|Italy|87|15.0
229|France|91|
230|New Zealand|90|
231|Argentina|88|45.0
232|Italy|87|
233|Italy|87|
234|France|90|31.0
235|Italy|95|40.0
236|Italy|85|
237|US|90|29.0
238|US|87|12.0
239|Italy|88|18.0
240|France|88|17.0
241|France|95|
242|US|87|20.0
243|Portugal|92|30.0
244|Portugal|91|
245|US|90|13.0
246|US|92|45.0
247|South Africa|90|20.0
248|Italy|85|13.0
249|Portugal|86|17.0
250|New Zealand|87|14.0
251|US|85|10.0
252|US|91|
253|US|80|13.0
254|US|87|36.0
255|Austria|91|37.0
256|US|85|30.0
257|Spain|84|18.0
258|New Zealand|86|25.0
259|Bulgaria|86|10.0
260|US|81|28.0
261|US|87|45.0
262|Austria|90|14.0
263|US|90|32.0
264|US|86|30.0
265|US|81|18.0
266|US|96|45.0
267|Australia|95|105.0
268|France|90|
269|US|83|28.0
270|Australia|89|13.0
271|Greece|86|16.0
272|Spain|87|12.0
273|Italy|93|140.0
274|US|85|32.0
275|Italy|92|84.0
276|Italy|88|30.0
277|Italy|91|
278|Spain|89|25.0
279|Argentina|85|11.0
280|US|81|25.0
281|Italy|89|46.0
282|US|82|24.0
283|France|85|10.0
284|Italy|95|
285|US|81|18.0
286|US|85|24.0
287|France|96|360.0
288|New Zealand|90|26.0
289|Australia|86|19.0
290|Argentina|92|43.0
291|US|84|24.0
292|US|90|24.0
293|US|87|
294|Italy|90|50.0
295|US|90|35.0
296|France|91|28.0
297|Italy|91|30.0
298|Argentina|80|11.0
299|France|83|
300|Italy|88|20.0
301|Italy|88|65.0
302|US|86|21.0
303|US|90|24.0
304|Argentina|87|11.0
305|US|95|56.0
306|US|87|30.0
307|Chile|86|9.0
308|Italy|84|16.0
309|Argentina|84|13.0
310|Portugal|84|
311|Italy|86|
312|US|85|14.0
313|US|89|38.0
314|US|91|17.0
315|US|87|30.0
316|Italy|87|17.0
317|Spain|88|20.0
318|Italy|90|35.0
319|France|83|19.0
320|Chile|87|10.0
321|US|90|43.0
322|Chile|83|11.0
323|Greece|87|17.0
324|US|90|30.0
325|France|86|26.0
326|US|80|12.0
327|US|84|16.0
328|US|80|18.0
329|US|87|26.0
330|Italy|93|154.0
331|Italy|92|50.0
332|Spain|85|10.0
333|France|89|39.0
334|US|90|30.0
335|South Africa|84|13.0
336|Italy|86|
337|France|90|30.0
338|France|91|
339|Italy|84|11.0
340|US|87|17.0
341|Greece|84|16.0
342|US|90|100.0
343|Argentina|85|9.0
344|Argentina|83|12.0
345|US|82|12.0
346|Spain|86|18.0
347|Italy|87|22.0
348|New Zealand|90|22.0
349|Italy|86|
350|Italy|90|35.0
351|Italy|88|10.0
352|US|91|46.0
353|US|82|8.0
354|US|90|21.0
355|US|94|44.0
356|Australia|89|85.0
357|US|89|29.0
358|France|88|16.0
359|US|86|15.0
360|Italy|91|40.0
361|US|96|55.0
362|US|92|100.0
363|Spain|86|13.0
364|US|88|40.0
365|US|87|20.0
366|US|92|35.0
367|France|87|14.0
368|US|89|21.0
369|France|92|
370|US|88|22.0
371|France|93|100.0
372|US|94|45.0
373|Argentina|82|18.0
374|Italy|87|18.0
375|Austria|88|
376|US|88|70.0
377|New Zealand|90|25.0
378|France|84|22.0
379|Italy|87|
380|Spain|88|7.0
381|Italy|90|48.0
382|Chile|88|15.0
383|US|88|35.0
384|Australia|87|10.0
385|France|89|
386|Italy|89|68.0
387|US|90|45.0
388|US|85|22.0
389|Italy|86|
390|Chile|87|13.0
391|France|86|22.0
392|US|87|24.0
393|Mexico|81|22.0
394|Austria|89|22.0
395|France|87|22.0
396|Argentina|92|75.0
397|Chile|90|22.0
398|US|86|13.0
399|Italy|92|55.0
400|France|89|46.0
401|US|95|95.0
402|US|86|18.0
403|Italy|88|18.0
404|US|91|60.0
405|South Africa|90|65.0
406|US|88|10.0
407|Argentina|86|16.0
408|France|86|10.0
409|US|90|30.0
410|Italy|85|22.0
411|France|90|
412|Italy|90|60.0
413|Spain|89|40.0
414|Chile|83|11.0
415|US|87|28.0
416|US|89|30.0
417|Italy|86|15.0
418|US|88|28.0
419|New Zealand|92|22.0
420|France|91|70.0
421|US|90|33.0
422|US|92|85.0
423|US|81|72.0
424|US|85|15.0
425|US|83|22.0
426|Italy|92|65.0
427|Chile|86|12.0
428|US|82|18.0
429|Spain|87|11.0
430|Germany|90|28.0
431|France|85|24.0
432|France|89|40.0
433|US|92|22.0
434|Italy|85|12.0
435|Portugal|90|18.0
436|US|90|40.0
437|Portugal|87|
438|France|84|10.0
439|Italy|87|26.0
440|Italy|96|169.0
441|South Africa|84|13.0
442|Cyprus|84|12.0
443|US|86|40.0
444|Croatia|89|21.0
445|US|88|29.0
446|Italy|85|19.0
447|Chile|84|10.0
448|Chile|90|35.0
449|Italy|87|15.0
450|Chile|85|10.0
451|Chile|86|15.0
452|US|88|12.0
453|US|86|31.0
454|Italy|94|95.0
455|US|86|13.0
456|US|84|8.0
457|France|87|13.0
458|France|88|90.0
459|Italy|89|23.0
460|Portugal|84|5.0
461|Italy|91|
462|Italy|90|80.0
463|US|82|35.0
464|Germany|91|32.0
465|US|88|14.0
466|US|84|10.0
467|US|88|24.0
468|US|84|70.0
469|Italy|87|15.0
470|US|85|30.0
471|France|98|757.0
472|US|87|20.0
473|Austria|85|
474|Italy|88|20.0
475|France|89|
476|US|90|24.0
477|Argentina|90|25.0
478|France|87|15.0
479|US|87|13.0
480|France|88|17.0
481|US|93|14.0
482|US|87|20.0
483|Argentina|87|23.0
484|US|89|45.0
485|South Africa|90|65.0
486|US|88|50.0
487|US|87|32.0
488|Italy|90|34.0
489|Italy|89|47.0
490|US|86|28.0
491|US|88|11.0
492|US|85|68.0
493|US|89|14.0
494|US|97|78.0
495|Austria|90|
496|Italy|87|13.0
497|Spain|85|13.0
498|Argentina|82|15.0
499|US|85|50.0
500|Italy|89|20.0
501|Spain|88|48.0
502|US|85|35.0
503|US|91|16.0
504|France|93|191.0
505|US|87|19.0
506|Spain|89|18.0
507|France|90|75.0
508|US|81|20.0
509|Spain|90|28.0
510|Italy|88|16.0
511|US|84|15.0
512|Italy|94|117.0
513|France|89|16.0
514|US|85|25.0
515|France|88|51.0
516|US|86|65.0
517|US|87|24.0
518|South Africa|83|9.0
519|Portugal|88|
520|US|88|18.0
521|US|92|24.0
522|US|85|21.0
523|US|93|35.0
524|US|88|60.0
525|Austria|94|40.0
526|Argentina|86|17.0
527|Chile|93|95.0
528|Austria|88|24.0
529|France|86|
530|Chile|88|10.0
531|US|90|16.0
532|France|92|35.0
533|Italy|91|53.0
534|Israel|90|20.0
535|US|92|20.0
536|US|92|37.0
537|Portugal|87|13.0
538|US|81|18.0
539|Portugal|87|
540|Argentina|90|65.0
541|US|86|28.0
542|US|85|19.0
543|Italy|84|13.0
544|US|93|40.0
545|France|90|21.0
546|Italy|88|30.0
547|Italy|86|15.0
548|South Africa|89|17.0
549|South Africa|86|10.0
550|Italy|85|25.0
551|Hungary|89|70.0
552|Spain|89|25.0
553|Argentina|80|12.0
554|US|90|36.0
555|US|87|28.0
556|France|87|36.0
557|US|84|29.0
558|US|91|48.0
559|US|86|10.0
560|US|81|34.0
561|France|86|60.0
562|US|86|14.0
563|Canada|90|30.0
564|US|87|18.0
565|Argentina|90|47.0
566|Germany|87|29.0
567|US|94|89.0
568|US|93|30.0
569|US|80|26.0
570|US|85|15.0
571|US|91|26.0
572|Argentina|83|10.0
573|Argentina|86|25.0
574|France|86|12.0
575|France|89|44.0
576|US|96|65.0
577|France|84|8.0
578|Spain|88|45.0
579|US|81|20.0
580|New Zealand|91|45.0
581|US|91|18.0
582|US|84|20.0
583|US|93|26.0
584|US|88|32.0
585|Portugal|85|15.0
586|US|88|26.0
587|US|88|13.0
588|New Zealand|88|20.0
589|Italy|89|22.0
590|Spain|83|15.0
591|US|85|165.0
592|South Africa|85|10.0
593|Argentina|88|19.0
594|Argentina|87|15.0
595|Italy|92|
596|US|84|20.0
597|US|91|31.0
598|Spain|87|6.0
599|US|85|24.0
600|Italy|86|18.0
601|Chile|85|13.0
602|France|85|24.0
603|US|84|16.0
604|US|90|15.0
605|US|82|10.0
606|France|90|
607|France|90|20.0
608|Australia|88|23.0
609|US|87|32.0
610|Chile|82|13.0
611|Italy|88|16.0
612|US|85|15.0
613|US|88|18.0
614|US|88|37.0
615|Argentina|84|15.0
616|US|88|35.0
617|Italy|88|24.0
618|US|90|80.0
619|US|86|15.0
620|US|89|35.0
621|US|83|12.0
622|US|85|40.0
623|US|88|36.0
624|France|89|
625|Italy|85|16.0
626|Italy|89|15.0
627|US|91|30.0
628|US|87|28.0
629|US|87|28.0
630|France|84|12.0
631|France|89|26.0
632|Australia|86|14.0
633|US|89|33.0
634|Argentina|89|25.0
635|France|89|95.0
636|Italy|90|24.0
637|France|87|10.0
638|Italy|85|12.0
639|Spain|88|37.0
640|Argentina|89|15.0
641|Portugal|83|13.0
642|US|89|50.0
643|US|83|8.0
644|France|92|
645|US|88|39.0
646|US|81|17.0
647|US|93|38.0
648|US|84|22.0
649|US|83|12.0
650|France|83|15.0
651|US|93|36.0
652|US|93|36.0
653|New Zealand|86|15.0
654|Spain|88|20.0
655|US|89|38.0
656|US|87|25.0
657|US|82|20.0
658|Chile|87|18.0
659|Italy|91|60.0
660|US|88|8.0
661|US|85|22.0
662|France|90|24.0
663|US|95|25.0
664|France|84|22.0
665|France|92|
666|Spain|85|16.0
667|US|90|35.0
668|US|89|55.0
669|France|85|20.0
670|US|86|13.0
671|Italy|88|36.0
672|US|87|45.0
673|US|91|27.0
674|Italy|94|
675|France|82|15.0
676|US|82|15.0
677|US|88|36.0
678|France|88|16.0
679|Italy|88|25.0
680|US|87|15.0
681|Australia|88|40.0
682|US|87|28.0
683|New Zealand|88|80.0
684|Argentina|82|20.0
685|Italy|89|20.0
686|US|91|42.0
687|France|86|
688|US|87|28.0
689|US|90|20.0
690|Argentina|86|17.0
691|New Zealand|91|33.0
692|France|84|13.0
693|US|87|22.0
694|US|86|50.0
695|Italy|88|35.0
696|US|80|40.0
697|US|87|70.0
698|France|87|12.0
699|US|86|16.0
700|US|85|30.0
701|Australia|90|15.0
702|Argentina|84|22.0
703|Italy|90|48.0
704|New Zealand|87|16.0
705|US|86|16.0
706|France|88|35.0
707|France|92|
708|US|87|38.0
709|Germany|87|20.0
710|US|85|25.0
711|US|88|40.0
712|US|85|14.0
713|France|84|14.0
714|France|87|
715|Italy|90|50.0
716|Austria|93|60.0
717|US|88|34.0
718|France|88|35.0
719|US|89|32.0
720|US|83|30.0
721|US|87|24.0
722|US|90|35.0
723|Argentina|92|50.0
724|Italy|86|28.0
725|US|86|30.0
726|US|84|24.0
727|US|84|6.0
728|Spain|85|30.0
729|US|91|32.0
730|France|87|17.0
731|Spain|86|103.0
732|US|88|38.0
733|New Zealand|84|20.0
734|US|86|50.0
735|Italy|84|17.0
736|US|91|48.0
737|France|84|15.0
738|Spain|83|9.0
739|US|89|25.0
740|France|84|15.0
741|Argentina|86|18.0
742|France|90|
743|Italy|89|20.0
744|US|92|75.0
745|US|87|20.0
746|France|88|75.0
747|US|86|13.0
748|US|84|12.0
749|Chile|84|10.0
750|Australia|84|8.0
751|Argentina|89|20.0
752|France|91|40.0
753||90|17.0
754|France|86|9.0
755|Spain|87|8.0
756|France|90|
757|Australia|86|13.0
758|US|86|33.0
759|Australia|92|28.0
760|Spain|88|20.0
761|Chile|88|13.0
762|Chile|86|10.0
763|US|82|17.0
764|France|83|13.0
765|France|87|
766|US|88|50.0
767|US|85|34.0
768|US|93|30.0
769|Italy|87|14.0
770|Portugal|90|17.0
771|Austria|92|60.0
772|US|85|24.0
773|US|84|12.0
774|New Zealand|91|22.0
775|Australia|90|30.0
776|US|84|40.0
777|Spain|85|15.0
778|Chile|89|23.0
779|France|94|200.0
780|Argentina|84|11.0
781|US|93|32.0
782|US|85|14.0
783|Argentina|88|50.0
784|France|89|
785|France|91|
786|Greece|87|13.0
787|US|93|50.0
788|Italy|86|
789|Italy|89|20.0
790|Austria|86|14.0
791|Italy|89|32.0
792|France|88|12.0
793|US|88|23.0
794|Portugal|87|
795|US|87|20.0
796|US|88|32.0
797|Portugal|88|28.0
798|Italy|88|
799|Chile|88|12.0
800|Argentina|83|19.0
801|US|90|36.0
802|US|86|59.0
803|Spain|87|29.0
804|US|89|16.0
805|France|85|17.0
806|Greece|86|9.0
807|US|81|18.0
808|Spain|84|15.0
809|South Africa|87|23.0
810|US|91|42.0
811|Italy|84|15.0
812|Italy|94|75.0
813|Chile|88|80.0
814|France|87|12.0
815|US|94|20.0
816|Italy|89|
817|US|91|40.0
818|US|85|20.0
819|Spain|82|13.0
820|France|93|
821|Italy|86|
822|France|95|110.0
823|Spain|88|29.0
824|US|86|58.0
825|Hungary|83|20.0
826|US|91|45.0
827|US|88|17.0
828|Italy|93|
829|US|89|28.0
830|US|86|16.0
831|Chile|85|12.0
832|France|90|20.0
833|US|94|70.0
834|US|86|15.0
835|US|86|75.0
836|Italy|87|23.0
837|Romania|88|100.0
838|Chile|83|12.0
839|Spain|89|9.0
840|Italy|86|25.0
841|Spain|88|21.0
842|Germany|91|107.0
843|France|93|
844|Argentina|84|8.0
845|France|85|18.0
846|Germany|89|34.0
847|US|89|18.0
848|Argentina|87|19.0
849|Italy|89|28.0
850|Argentina|85|8.0
851|US|90|25.0
852|US|86|16.0
853|Germany|86|70.0
854|Spain|83|13.0
855|New Zealand|87|15.0
856|Italy|88|
857|US|88|33.0
858|Australia|87|25.0
859|Italy|85|13.0
860|France|84|14.0
861|US|86|27.0
862|New Zealand|88|21.0
863|US|89|16.0
864|Spain|88|12.0
865|Germany|88|21.0
866|Italy|93|
867|US|87|25.0
868|France|91|17.0
869|US|83|10.0
870|US|90|26.0
871|US|83|20.0
872|US|90|10.0
873|Italy|88|38.0
874|Austria|92|40.0
875|Argentina|83|16.0
876|US|91|24.0
877|Italy|89|44.0
878|US|87|13.0
879|Australia|90|21.0
880|France|91|20.0
881|Italy|86|
882|Greece|85|16.0
883|Australia|85|20.0
884|Italy|89|
885|Argentina|89|18.0
886|US|85|16.0
887|US|85|30.0
888|US|87|25.0
889|US|87|11.0
890|US|92|70.0
891|Spain|84|16.0
892|Australia|84|8.0
893|Portugal|89|70.0
894|Italy|92|41.0
895|France|90|24.0
896|US|87|34.0
897|US|87|20.0
898|Italy|87|
899|New Zealand|87|50.0
900|Italy|88|20.0
901|Portugal|90|20.0
902|US|81|95.0
903|US|83|33.0
904|Spain|82|10.0
905|Austria|87|16.0
906|France|94|61.0
907|Italy|87|
908|US|89|40.0
909|US|90|35.0
910|Chile|86|19.0
911|Spain|93|93.0
912|Argentina|88|12.0
913|France|86|
914|Austria|90|48.0
915|US|87|38.0
916|Italy|90|
917|US|89|16.0
918|US|87|11.0
919|Chile|84|15.0
920|US|87|55.0
921|France|89|48.0
922|Italy|85|
923|US|86|44.0
924|Italy|90|28.0
925|Chile|86|7.0
926|US|82|10.0
927|Spain|88|10.0
928|France|88|12.0
929|Spain|90|36.0
930|US|85|27.0
931|Italy|87|15.0
932|Argentina|91|70.0
933|US|90|40.0
934|France|88|17.0
935|US|80|35.0
936|US|88|15.0
937|Portugal|85|10.0
938|Spain|91|35.0
939|US|91|50.0
940|US|88|50.0
941|US|84|9.0
942|US|84|60.0
943|US|92|30.0
944|Spain|85|20.0
945|Australia|86|13.0
946|US|88|22.0
947|Australia|88|16.0
948|US|82|17.0
949|Spain|89|29.0
950|Germany|97|250.0
951|Austria|92|20.0
952|South Africa|85|15.0
953|France|93|
954|Chile|83|11.0
955|Italy|85|10.0
956|US|84|20.0
957|France|85|24.0
958|US|96|135.0
959|US|88|23.0
960|Germany|91|24.0
961|Chile|90|235.0
962|Germany|89|21.0
963|New Zealand|86|16.0
964|Austria|90|15.0
965|US|96|90.0
966|Portugal|85|9.0
967|France|94|
968|Italy|86|23.0
969|Argentina|92|90.0
970|US|94|55.0
971|US|96|85.0
972|France|94|67.0
973|Greece|88|16.0
974|US|90|75.0
975|US|87|35.0
976|US|86|24.0
977|France|95|87.0
978|US|83|18.0
979|Chile|86|10.0
980|Argentina|88|15.0
981|Spain|83|19.0
982|Italy|88|
983|Italy|87|13.0
984|US|90|25.0
985|US|91|38.0
986|Italy|92|70.0
987|US|87|24.0
988|France|88|20.0
989|Spain|87|15.0
990|US|92|56.0
991|France|86|
992|US|87|15.0
993|US|86|12.0
994|Portugal|85|10.0
995|US|88|35.0
996|France|93|
997|US|91|28.0
998|US|83|10.0
999|US|89|22.0
1000|Italy|84|13.0
1001|France|90|12.0
1002|Argentina|87|10.0
1003|US|89|34.0
1004|US|87|23.0
1005|Australia|90|19.0
1006|US|87|25.0
1007|US|84|22.0
1008|Portugal|88|16.0
1009|US|90|28.0
1010|Australia|86|13.0
1011|US|86|49.0
1012|Argentina|91|15.0
1013|US|84|22.0
1014|France|88|95.0
1015|US|91|80.0
1016|US|87|45.0
1017|US|86|20.0
1018|US|91|35.0
1019|US|86|55.0
1020|US|89|35.0
1021|US|85|25.0
1022|France|87|17.0
1023|Argentina|85|17.0
1024|Italy|87|20.0
1025|Spain|92|54.0
1026|Italy|87|28.0
1027|US|83|19.0
1028|Spain|84|12.0
1029|Australia|88|30.0
1030|Australia|91|65.0
1031|US|97|42.0
1032|US|91|50.0
1033|US|87|40.0
1034|US|90|26.0
1035|US|93|40.0
1036|Austria|88|20.0
1037|Argentina|92|90.0
1038|US|87|22.0
1039|France|90|
1040|US|86|20.0
1041|India|90|12.0
1042|US|87|25.0
1043|Italy|92|49.0
1044|US|88|16.0
1045|US|87|25.0
1046|Australia|88|17.0
1047|US|84|18.0
1048|US|93|48.0
1049|US|86|17.0
1050|France|89|
1051|US|87|30.0
1052|Spain|94|247.0
1053|Argentina|87|9.0
1054|US|91|40.0
1055|New Zealand|90|24.0
1056|US|87|75.0
1057|France|89|25.0
1058|US|88|20.0
1059|Italy|88|29.0
1060|France|87|22.0
1061|France|91|
1062|US|84|10.0
1063|Italy|91|
1064|Italy|89|23.0
1065|Portugal|89|18.0
1066|Germany|83|12.0
1067|US|88|16.0
1068|US|88|42.0
1069|Italy|87|19.0
1070|Italy|87|12.0
1071|US|92|38.0
1072|US|95|75.0
1073|Argentina|91|19.0
1074|US|92|110.0
1075|US|90|15.0
1076|France|86|
1077|US|84|13.0
1078|Italy|92|45.0
1079|US|90|32.0
1080|US|80|17.0
1081|France|87|20.0
1082|US|80|20.0
1083|Italy|87|20.0
1084|Italy|93|110.0
1085|Germany|90|18.0
1086|US|82|35.0
1087|France|89|60.0
1088|US|86|14.0
1089|Chile|89|30.0
1090|France|84|16.0
1091|US|94|52.0
1092|US|88|16.0
1093|France|90|29.0
1094|US|88|35.0
1095|Spain|84|15.0
1096|US|82|10.0
1097|US|85|20.0
1098|US|93|36.0
1099|New Zealand|83|16.0
1100|Italy|85|13.0
1101|US|85|65.0
1102|Austria|86|20.0
1103|Australia|84|15.0
1104|Italy|86|23.0
1105|France|92|45.0
1106|US|88|30.0
1107|Italy|87|16.0
1108|Chile|89|28.0
1109|US|85|15.0
1110|US|87|24.0
1111|Italy|89|19.0
1112|Spain|88|17.0
1113|New Zealand|93|
1114|Australia|85|20.0
1115|Chile|83|
1116|France|87|50.0
1117|US|89|55.0
1118|US|94|75.0
1119|US|84|10.0
1120|Italy|84|17.0
1121|Italy|87|
1122|Georgia|90|18.0
1123|Australia|87|17.0
1124|Italy|90|38.0
1125|US|83|28.0
1126|France|94|180.0
1127|US|84|13.0
1128|Australia|86|10.0
1129|US|91|16.0
1130|Portugal|87|50.0
1131|Germany|89|18.0
1132|US|85|20.0
1133|France|88|
1134|Spain|88|17.0
1135|Italy|87|15.0
1136|US|87|14.0
1137|South Africa|85|14.0
1138|US|83|7.0
1139|Italy|83|
1140|US|87|18.0
1141|US|83|30.0
1142|Portugal|94|35.0
1143|Italy|86|
1144|South Africa|84|10.0
1145|France|88|
1146|Argentina|88|17.0
1147|Germany|87|11.0
1148|US|94|60.0
1149|US|84|18.0
1150|France|87|22.0
1151|US|86|35.0
1152|Italy|87|13.0
1153|South Africa|84|10.0
1154|Germany|90|40.0
1155|US|84|25.0
1156|US|92|35.0
1157|Spain|86|9.0
1158|US|87|29.0
1159|Italy|92|50.0
1160|France|87|
1161|US|93|80.0
1162|US|84|15.0
1163|Spain|86|14.0
1164|Italy|92|66.0
1165|US|84|32.0
1166|Spain|89|48.0
1167|US|94|45.0
1168|Italy|87|25.0
1169|US|87|28.0
1170|South Africa|86|13.0
1171|France|91|25.0
1172|US|87|15.0
1173|France|93|34.0
1174|Spain|88|16.0
1175|France|85|12.0
1176|South Africa|90|45.0
1177|US|92|125.0
1178|Spain|84|26.0
1179|US|92|85.0
1180|Spain|86|12.0
1181|Italy|89|40.0
1182|Australia|88|24.0
1183|Spain|89|30.0
1184|France|92|
1185|US|90|23.0
1186|US|82|16.0
1187|Italy|87|12.0
1188|France|87|11.0
1189|Argentina|82|12.0
1190|US|90|38.0
1191|Spain|91|15.0
1192|Italy|90|22.0
1193|France|93|34.0
1194|US|88|13.0
1195|Italy|87|
1196|France|96|
1197|Australia|85|30.0
1198|France|86|23.0
1199|US|92|48.0
1200|Portugal|90|24.0
1201|US|86|38.0
1202|Portugal|86|15.0
1203|US|85|12.0
1204|US|93|40.0
1205|US|86|10.0
1206|Australia|90|14.0
1207|US|87|19.0
1208|France|93|
1209|Chile|87|27.0
1210|US|86|12.0
1211|US|89|20.0
1212|US|91|30.0
1213|Italy|88|30.0
1214|France|89|99.0
1215|France|84|23.0
1216|France|92|
1217|Portugal|87|21.0
1218|Germany|88|32.0
1219|Portugal|85|22.0
1220|Chile|86|18.0
1221|US|89|24.0
1222|US|92|35.0
1223|US|85|35.0
1224|Austria|90|19.0
1225|US|92|34.0
1226|New Zealand|83|24.0
1227|Italy|91|120.0
1228|France|94|
1229|US|85|18.0
1230|France|92|
1231|US|93|35.0
1232|US|94|40.0
1233|US|92|110.0
1234|US|90|26.0
1235|Australia|88|75.0
1236|South Africa|88|15.0
1237|US|87|13.0
1238|US|82|24.0
1239|Italy|85|
1240|France|94|131.0
1241|Spain|87|52.0
1242|Italy|85|10.0
1243|Italy|89|43.0
1244|US|87|13.0
1245|US|87|24.0
1246|US|88|25.0
1247|US|85|12.0
1248|France|86|25.0
1249|Hungary|89|76.0
1250|Argentina|86|12.0
1251|Italy|87|
1252|Spain|88|50.0
1253|Germany|90|23.0
1254|US|92|30.0
1255|US|83|14.0
1256|US|91|58.0
1257|France|92|56.0
1258|US|90|30.0
1259|US|86|25.0
1260|US|83|25.0
1261|US|88|14.0
1262|Spain|83|10.0
1263|US|84|38.0
1264|Italy|88|
1265|US|92|65.0
1266|Austria|88|15.0
1267|US|90|16.0
1268|US|93|100.0
1269|Portugal|84|10.0
1270|Austria|90|42.0
1271|Chile|87|14.0
1272|US|93|28.0
1273|Italy|91|20.0
1274|France|92|29.0
1275|New Zealand|84|19.0
1276|US|89|36.0
1277|Italy|89|33.0
1278|US|92|44.0
1279|Italy|86|
1280|US|93|24.0
1281|Italy|87|15.0
1282|Spain|84|17.0
1283|Italy|92|30.0
1284|Portugal|84|8.0
1285|Australia|90|20.0
1286|US|87|20.0
1287|Spain|87|8.0
1288|US|86|15.0
1289|France|90|
1290|Italy|85|16.0
1291|Italy|89|33.0
1292|US|87|34.0
1293|US|86|60.0
1294|Spain|91|29.0
1295|US|90|15.0
1296|France|97|281.0
1297|US|83|5.0
1298|US|82|25.0
1299|France|88|
1300|Australia|88|33.0
1301|Australia|86|15.0
1302|Israel|86|30.0
1303|US|84|15.0
1304|Italy|95|
1305|US|92|50.0
1306|US|86|25.0
1307|US|94|65.0
1308|US|92|75.0
1309|US|85|22.0
1310|Chile|87|15.0
1311|Australia|83|9.0
1312|US|88|24.0
1313|France|93|
1314|Italy|88|
1315|Chile|91|50.0
1316|Portugal|87|
1317|France|92|30.0
1318|US|81|51.0
1319|Chile|89|38.0
1320|US|82|18.0
1321|France|90|
1322|US|93|59.0
1323|US|86|25.0
1324|Portugal|89|25.0
1325|France|86|
1326|US|84|21.0
1327|US|93|45.0
1328|France|84|
1329|France|86|15.0
1330|Argentina|80|8.0
1331|Italy|90|39.0
1332|US|89|30.0
1333|US|86|13.0
1334|Argentina|87|10.0
1335|Italy|92|97.0
1336|US|86|42.0
1337|US|92|35.0
1338|Chile|86|13.0
1339|US|87|35.0
1340|Italy|86|
1341|France|92|
1342|Italy|90|
1343|Argentina|89|22.0
1344|France|91|55.0
1345|Italy|83|
1346|Italy|92|65.0
1347|US|93|65.0
1348|Australia|91|65.0
1349|US|91|28.0
1350|Italy|87|65.0
1351|Austria|93|
1352|Italy|88|21.0
1353|Spain|90|35.0
1354|Italy|86|26.0
1355|Italy|88|21.0
1356|US|86|35.0
1357|South Africa|86|15.0
1358|US|82|27.0
1359|Italy|87|33.0
1360|US|94|60.0
1361|Portugal|88|13.0
1362|France|87|35.0
1363|US|95|100.0
1364|Italy|88|23.0
1365|France|93|
1366|US|85|10.0
1367|New Zealand|89|32.0
1368|US|87|22.0
1369|France|91|114.0
1370|US|87|39.0
1371|US|82|12.0
1372|Italy|86|14.0
1373|US|86|25.0
1374|Portugal|89|28.0
1375|US|92|60.0
1376|France|85|
1377|Argentina|91|90.0
1378|US|86|20.0
1379|Italy|88|80.0
1380|Italy|86|
1381|New Zealand|88|20.0
1382|US|86|24.0
1383|US|87|25.0
1384|Germany|89|20.0
1385|Austria|90|22.0
1386|US|84|14.0
1387|France|92|
1388|New Zealand|86|20.0
1389|Italy|89|30.0
1390|US|87|20.0
1391|US|90|85.0
1392|Germany|87|13.0
1393|Australia|85|25.0
1394|France|83|10.0
1395|Canada|88|15.0
1396|US|87|32.0
1397|Italy|88|16.0
1398|Spain|81|21.0
1399|New Zealand|90|
1400|US|87|17.0
1401|US|85|15.0
1402|Italy|87|12.0
1403|Australia|84|18.0
1404|Italy|86|13.0
1405|US|91|48.0
1406|Germany|84|14.0
1407|Germany|90|16.0
1408|Italy|81|30.0
1409|Italy|88|9.0
1410|US|88|18.0
1411|US|87|28.0
1412|US|92|48.0
1413|US|85|19.0
1414|US|85|30.0
1415|US|87|11.0
1416|US|88|28.0
1417|US|90|32.0
1418|US|84|25.0
1419|Greece|84|14.0
1420|US|88|33.0
1421|US|83|25.0
1422|France|89|
1423|Italy|88|20.0
1424|Italy|93|75.0
1425|Italy|91|70.0
1426|Spain|85|9.0
1427|US|90|32.0
1428|US|84|34.0
1429|US|91|40.0
1430|Italy|87|15.0
1431|Italy|88|
1432|US|88|18.0
1433|Australia|83|10.0
1434|New Zealand|90|18.0
1435|US|90|30.0
1436|US|87|45.0
1437|Chile|95|90.0
1438|Italy|87|9.0
1439|Italy|90|45.0
1440|US|88|19.0
1441|Chile|84|12.0
1442|Portugal|90|9.0
1443|Portugal|83|
1444|Italy|87|35.0
1445|US|83|20.0
1446|US|92|25.0
1447|US|88|32.0
1448|US|92|48.0
1449|Italy|85|16.0
1450|India|82|20.0
1451|Chile|81|14.0
1452|US|86|38.0
1453|France|90|
1454|US|91|36.0
1455|Italy|87|15.0
1456|US|92|30.0
1457|Austria|97|125.0
1458|US|85|35.0
1459|Italy|93|62.0
1460|France|85|
1461|Portugal|88|60.0
1462|Italy|87|
1463|Italy|89|
1464|Italy|85|
1465|US|93|58.0
1466|Argentina|88|50.0
1467|Australia|87|15.0
1468|France|91|35.0
1469|US|86|18.0
1470|Italy|95|85.0
1471|US|86|25.0
1472|Chile|88|17.0
1473|US|82|15.0
1474|US|91|30.0
1475|Germany|86|
1476|US|89|55.0
1477|Austria|87|
1478|Portugal|87|
1479|US|82|30.0
1480|US|85|18.0
1481|Portugal|90|30.0
1482|France|90|27.0
1483|Italy|87|20.0
1484|US|87|12.0
1485|France|95|
1486|US|91|42.0
1487|Spain|85|16.0
1488|Germany|93|56.0
1489|US|82|22.0
1490|Argentina|81|6.0
1491|Italy|88|30.0
1492|US|85|9.0
1493|Portugal|92|48.0
1494|Argentina|86|20.0
1495|US|88|39.0
1496|Chile|83|10.0
1497|US|85|29.0
1498|US|83|18.0
1499|US|91|55.0
1500|France|90|
1501|Italy|92|
1502|US|87|28.0
1503|US|83|18.0
1504|Argentina|83|14.0
1505|France|95|357.0
1506|US|88|13.0
1507|France|88|45.0
1508|New Zealand|90|25.0
1509|Germany|87|38.0
1510|Spain|86|8.0
1511|Spain|86|10.0
1512|US|87|15.0
1513|US|86|45.0
1514|US|86|75.0
1515|US|87|55.0
1516|US|82|20.0
1517|US|80|14.0
1518|US|90|75.0
1519|Germany|89|24.0
1520|Italy|88|26.0
1521|US|90|75.0
1522|US|85|50.0
1523|Italy|88|34.0
1524|US|88|35.0
1525|New Zealand|88|20.0
1526|US|86|13.0
1527|US|90|30.0
1528|US|91|32.0
1529|Italy|87|15.0
1530|US|91|49.0
1531|Argentina|90|28.0
1532|US|86|17.0
1533|Portugal|88|14.0
1534|US|89|25.0
1535|France|82|40.0
1536|US|82|20.0
1537|US|87|16.0
1538|US|93|70.0
1539|US|87|20.0
1540|Italy|87|25.0
1541|Argentina|83|13.0
1542|US|86|29.0
1543|Italy|90|45.0
1544|US|89|37.0
1545|US|86|16.0
1546|France|89|30.0
1547|Italy|92|
1548|South Africa|84|9.0
1549|US|88|10.0
1550|Italy|87|19.0
1551|Italy|87|12.0
1552|US|83|24.0
1553|Italy|85|13.0
1554|US|86|18.0
1555|Portugal|87|9.0
1556|Chile|84|11.0
1557|US|88|17.0
1558|Germany|88|20.0
1559|US|85|29.0
1560|New Zealand|88|29.0
1561|US|89|35.0
1562|US|91|30.0
1563|Italy|82|12.0
1564|US|87|8.0
1565|Argentina|89|20.0
1566|US|88|30.0
1567|Germany|87|10.0
1568|Portugal|83|16.0
1569|US|87|25.0
1570|Italy|85|10.0
1571|US|87|20.0
1572|US|88|45.0
1573|US|90|50.0
1574|France|84|14.0
1575|Romania|84|10.0
1576|Australia|87|31.0
1577|US|86|52.0
1578|France|94|38.0
1579|France|90|23.0
1580|Italy|91|37.0
1581|Portugal|84|8.0
1582|Argentina|86|11.0
1583|Italy|90|
1584|US|84|41.0
1585|France|88|50.0
1586|US|86|21.0
1587|France|89|22.0
1588|US|86|19.0
1589|US|89|38.0
1590|Argentina|90|28.0
1591|Spain|85|12.0
1592|France|91|18.0
1593|US|86|38.0
1594|Italy|90|32.0
1595|US|90|42.0
1596|US|93|48.0
1597|US|87|50.0
1598|Australia|90|40.0
1599|US|88|28.0
1600|US|88|12.0
1601|US|84|24.0
1602|New Zealand|89|22.0
1603|France|89|17.0
1604|New Zealand|85|
1605|US|86|90.0
1606|US|93|50.0
1607|US|90|25.0
1608|US|91|65.0
1609|France|87|21.0
1610|US|86|17.0
1611|Italy|87|
1612|US|84|58.0
1613|Austria|88|
1614|US|87|12.0
1615|Germany|84|24.0
1616|US|91|60.0
1617|Italy|92|
1618|Italy|94|29.0
1619|US|83|30.0
1620|Portugal|90|
1621|Italy|87|16.0
1622|US|92|60.0
1623|US|89|42.0
1624|US|85|15.0
1625|Italy|90|74.0
1626|Australia|85|10.0
1627|Argentina|88|25.0
1628|Australia|89|
1629|Spain|83|10.0
1630|Italy|85|
1631|Chile|86|15.0
1632|Italy|86|15.0
1633|Greece|87|25.0
1634|US|93|30.0
1635|France|90|50.0
1636|France|88|40.0
1637|France|91|42.0
1638|US|85|14.0
1639|US|90|42.0
1640|Germany|86|23.0
1641|US|84|22.0
1642|US|89|25.0
1643|US|87|86.0
1644|US|82|19.0
1645|Austria|90|30.0
1646|US|89|32.0
1647|US|94|95.0
1648|Argentina|87|12.0
1649|Italy|90|12.0
1650|US|90|18.0
1651|Argentina|83|10.0
1652|US|81|12.0
1653|US|92|19.0
1654|US|88|54.0
1655|US|94|40.0
1656|US|91|110.0
1657|US|85|16.0
1658|Greece|86|37.0
1659|Spain|86|10.0
1660|US|82|12.0
1661|South Africa|84|24.0
1662|US|84|14.0
1663|US|94|120.0
1664|Italy|89|22.0
1665|Spain|82|15.0
1666|France|91|20.0
1667|Spain|83|10.0
1668|Portugal|92|58.0
1669|US|85|16.0
1670|Italy|90|40.0
1671|Portugal|92|18.0
1672|US|82|15.0
1673|Australia|87|30.0
1674|Austria|86|28.0
1675|US|85|18.0
1676|US|91|55.0
1677|France|85|12.0
1678|US|87|32.0
1679|Italy|91|40.0
1680|US|88|28.0
1681|US|93|40.0
1682|US|88|13.0
1683|Italy|83|25.0
1684|Italy|88|21.0
1685|US|88|30.0
1686|US|88|20.0
1687|Spain|88|45.0
1688|US|85|20.0
1689|France|95|168.0
1690|France|84|13.0
1691|US|85|14.0
1692|US|92|26.0
1693|France|87|13.0
1694|US|82|16.0
1695|US|94|65.0
1696|Italy|92|50.0
1697|South Africa|85|16.0
1698|Argentina|86|14.0
1699|US|91|20.0
1700|US|86|26.0
1701|Australia|90|74.0
1702|South Africa|84|15.0
1703|Chile|81|12.0
1704|Austria|87|15.0
1705|US|89|12.0
1706|Chile|80|11.0
1707|US|84|13.0
1708|Italy|87|28.0
1709|Argentina|85|40.0
1710|US|90|27.0
1711|US|82|35.0
1712|France|88|14.0
1713|France|85|25.0
1714|Chile|87|45.0
1715|New Zealand|85|8.0
1716|US|83|17.0
1717|US|90|45.0
1718|Italy|89|44.0
1719|US|88|150.0
1720|France|90|
1721|US|90|35.0
1722|Italy|89|25.0
1723|US|87|25.0
1724|Italy|85|12.0
1725|US|93|30.0
1726|US|89|12.0
1727|South Africa|82|13.0
1728|Argentina|92|55.0
1729|US|82|32.0
1730|US|89|24.0
1731|France|87|
1732|US|87|16.0
1733|France|89|34.0
1734|US|85|42.0
1735|France|92|60.0
1736|US|87|15.0
1737|US|87|55.0
1738|Italy|87|15.0
1739|France|90|
1740|Italy|91|45.0
1741|US|93|30.0
1742|Italy|90|
1743|US|88|17.0
1744|France|84|22.0
1745|Italy|88|25.0
1746|US|89|50.0
1747|US|88|28.0
1748|Italy|89|35.0
1749|Spain|81|6.0
1750|US|85|18.0
1751|Italy|84|18.0
1752|US|87|30.0
1753|US|91|33.0
1754|US|89|15.0
1755|Italy|86|19.0
1756|Austria|87|19.0
1757|Italy|90|24.0
1758|Austria|92|52.0
1759|France|88|65.0
1760|Italy|90|85.0
1761|South Africa|86|13.0
1762|Italy|90|
1763|France|97|229.0
1764|France|90|
1765|France|92|62.0
1766|US|87|14.0
1767|Argentina|88|11.0
1768|US|86|10.0
1769|US|90|55.0
1770|US|90|50.0
1771|US|93|85.0
1772|France|94|50.0
1773|France|87|20.0
1774|US|82|10.0
1775|France|91|110.0
1776|New Zealand|89|18.0
1777|Italy|86|16.0
1778|France|90|
1779|Italy|87|19.0
1780|Italy|88|35.0
1781|US|84|38.0
1782|US|86|35.0
1783|Argentina|91|20.0
1784|US|93|40.0
1785|US|82|27.0
1786|Italy|88|
1787|France|98|170.0
1788|Portugal|87|75.0
1789|Italy|90|26.0
1790|Chile|87|17.0
1791|US|85|30.0
1792|France|88|19.0
1793|US|90|20.0
1794|US|93|78.0
1795|US|85|20.0
1796|US|90|50.0
1797|US|92|21.0
1798|US|91|45.0
1799|France|92|
1800|Argentina|91|35.0
1801|Italy|90|32.0
1802|US|91|14.0
1803|Italy|89|55.0
1804|Portugal|87|20.0
1805|US|92|30.0
1806|US|84|24.0
1807|Greece|86|13.0
1808|US|92|14.0
1809|US|91|52.0
1810|US|88|45.0
1811|France|93|
1812|Spain|85|19.0
1813|US|84|32.0
1814|US|90|35.0
1815|US|87|10.0
1816|Argentina|83|10.0
1817|France|91|
1818|US|91|50.0
1819|Italy|91|50.0
1820|Serbia|88|20.0
1821|France|88|34.0
1822|New Zealand|89|17.0
1823|France|91|37.0
1824|US|89|50.0
1825|Australia|85|22.0
1826|Spain|83|9.0
1827|New Zealand|90|19.0
1828|Italy|85|21.0
1829|Italy|87|
1830|Italy|93|65.0
1831|US|87|18.0
1832|US|94|55.0
1833|France|84|12.0
1834|US|94|35.0
1835|Portugal|89|26.0
1836|US|88|15.0
1837|Italy|93|60.0
1838|France|91|32.0
1839|US|90|40.0
1840|New Zealand|87|15.0
1841|New Zealand|87|15.0
1842|France|95|150.0
1843|US|88|20.0
1844|US|94|32.0
1845|Italy|88|21.0
1846|Greece|86|80.0
1847|Italy|92|45.0
1848|US|92|28.0
1849|Germany|92|65.0
1850|Greece|86|12.0
1851|US|88|42.0
1852|France|88|40.0
1853|US|87|28.0
1854|Portugal|86|11.0
1855|US|86|26.0
1856|Portugal|88|65.0
1857|Spain|82|13.0
1858|Argentina|81|8.0
1859|US|88|75.0
1860|France|90|
1861|US|86|11.0
1862|US|89|37.0
1863|France|89|30.0
1864|US|85|15.0
1865|New Zealand|87|15.0
1866|Portugal|89|10.0
1867|Italy|87|16.0
1868|US|87|25.0
1869|Austria|88|36.0
1870|France|87|17.0
1871|US|88|50.0
1872|Italy|86|
1873|US|92|55.0
1874|Argentina|86|11.0
1875|Germany|90|12.0
1876|France|89|14.0
1877|US|94|110.0
1878|US|86|20.0
1879|US|87|11.0
1880|France|88|22.0
1881|France|90|
1882|France|92|35.0
1883|US|83|33.0
1884|France|90|
1885|US|84|42.0
1886|US|85|15.0
1887|US|86|22.0
1888|US|87|30.0
1889|France|90|
1890|France|84|11.0
1891|US|92|75.0
1892|Italy|91|30.0
1893|Italy|91|30.0
1894|Italy|83|16.0
1895|US|92|45.0
1896|Italy|91|48.0
1897|US|90|35.0
1898|US|95|58.0
1899|US|87|35.0
1900|US|85|15.0
1901|Italy|89|42.0
1902|France|88|27.0
1903|France|94|102.0
1904|Italy|87|19.0
1905|US|84|28.0
1906|Austria|88|16.0
1907|Chile|86|11.0
1908|Italy|91|110.0
1909|Italy|86|26.0
1910|Italy|88|50.0
1911|France|88|20.0
1912|Italy|87|12.0
1913|US|88|30.0
1914|France|92|26.0
1915|US|91|55.0
1916|US|87|13.0
1917|Spain|89|24.0
1918|US|87|18.0
1919|US|90|110.0
1920|Argentina|87|11.0
1921|Italy|88|
1922|South Africa|90|43.0
1923|US|90|30.0
1924|Italy|90|20.0
1925|US|85|18.0
1926|New Zealand|87|99.0
1927|France|88|
1928|Spain|90|14.0
1929|Italy|91|
1930|Italy|90|40.0
1931|US|87|7.0
1932|Spain|89|20.0
1933|Italy|87|
1934|US|92|38.0
1935|US|84|10.0
1936|Spain|84|10.0
1937|Austria|88|31.0
1938|Italy|87|17.0
1939|Israel|80|19.0
1940|Australia|91|70.0
1941|France|88|14.0
1942|Italy|88|26.0
1943|Italy|88|14.0
1944|Portugal|86|9.0
1945|US|89|20.0
1946|Spain|86|12.0
1947|France|91|30.0
1948|Italy|90|35.0
1949|Italy|89|24.0
1950|US|83|20.0
1951|Australia|91|22.0
1952|US|95|50.0
1953|US|82|22.0
1954|US|85|36.0
1955|Portugal|91|35.0
1956|Australia|87|20.0
1957|France|85|24.0
1958|Italy|88|13.0
1959|US|87|18.0
1960|France|89|17.0
1961|US|88|37.0
1962|Italy|92|
1963|Italy|87|25.0
1964|US|90|30.0
1965|Spain|83|35.0
1966|France|88|23.0
1967|US|82|22.0
1968|Germany|87|16.0
1969|Greece|89|40.0
1970|Spain|93|62.0
1971|US|87|15.0
1972|US|86|40.0
1973|US|84|21.0
1974|France|93|
1975|US|85|15.0
1976|US|88|25.0
1977|France|84|
1978|Chile|84|10.0
1979|Chile|83|17.0
1980|Spain|88|10.0
1981|US|94|60.0
1982|US|80|17.0
1983|Italy|88|13.0
1984|Italy|88|
1985|Austria|87|16.0
1986|US|90|28.0
1987|France|90|47.0
1988|US|88|18.0
1989|Italy|92|45.0
1990|New Zealand|86|19.0
1991|France|89|20.0
1992|US|83|17.0
1993|Australia|88|20.0
1994|France|82|55.0
1995|US|87|15.0
1996|US|83|30.0
1997|Italy|89|16.0
1998|US|91|20.0
1999|US|84|7.0
2000|Italy|86|
2001|Italy|88|15.0
2002|US|88|30.0
2003|France|85|13.0
2004|US|92|34.0
2005|Portugal|90|
2006|Italy|86|25.0
2007|US|89|35.0
2008|US|86|15.0
2009|Italy|98|225.0
2010|US|88|28.0
2011|France|83|
2012|US|92|40.0
2013|US|98|147.0
2014|France|87|44.0
2015|France|89|25.0
2016|Italy|91|73.0
2017|US|87|35.0
2018|US|92|36.0
2019|US|92|48.0
2020|US|87|40.0
2021|Australia|84|12.0
2022|US|83|20.0
2023|US|91|29.0
2024|France|89|20.0
2025|Italy|88|48.0
2026|US|83|32.0
2027|US|86|12.0
2028|New Zealand|90|20.0
2029|Chile|86|12.0
2030|Portugal|91|20.0
2031|US|86|12.0
2032|Germany|89|23.0
2033|Germany|87|18.0
2034|US|93|46.0
2035|Italy|88|28.0
2036|France|91|
2037|New Zealand|85|28.0
2038|Italy|86|16.0
2039|France|94|
2040|US|83|10.0
2041|Spain|81|13.0
2042|US|86|38.0
2043|US|88|35.0
2044|Italy|86|11.0
2045|France|91|42.0
2046|US|82|35.0
2047|Portugal|94|
2048|France|91|
2049|Italy|86|16.0
2050|Spain|87|41.0
2051|US|88|34.0
2052|France|91|22.0
2053|Portugal|91|18.0
2054|South Africa|88|16.0
2055|Argentina|81|7.0
2056|US|89|40.0
2057|US|84|15.0
2058|US|92|39.0
2059|Moldova|83|16.0
2060|US|90|28.0
2061|South Africa|87|14.0
2062|US|94|70.0
2063|Chile|88|24.0
2064|US|86|22.0
2065|US|82|13.0
2066|Portugal|86|10.0
2067|US|84|50.0
2068|Spain|87|27.0
2069|France|87|22.0
2070|US|88|55.0
2071|Spain|90|15.0
2072|Italy|86|
2073|US|87|14.0
2074|US|89|20.0
2075|Italy|84|
2076|US|91|20.0
2077|US|82|23.0
2078|Spain|84|10.0
2079|France|86|16.0
2080|US|87|24.0
2081|Spain|90|15.0
2082|Italy|91|30.0
2083|US|83|21.0
2084|Argentina|87|18.0
2085|US|92|38.0
2086|France|87|
2087|Italy|86|18.0
2088|US|87|24.0
2089|Italy|92|45.0
2090|Italy|87|22.0
2091|Spain|92|45.0
2092|US|88|40.0
2093|France|90|85.0
2094|US|90|16.0
2095|US|86|25.0
2096|Spain|89|16.0
2097|US|80|17.0
2098|US|87|41.0
2099|US|86|275.0
2100|Italy|86|10.0
2101|US|87|32.0
2102|France|89|
2103|Italy|88|16.0
2104|France|95|
2105|Italy|90|55.0
2106|Italy|89|20.0
2107|US|87|20.0
2108|Argentina|85|11.0
2109|Italy|91|45.0
2110|Spain|84|22.0
2111|Spain|87|11.0
2112|France|89|
2113|US|84|20.0
2114|US|93|42.0
2115|US|89|19.0
2116|US|95|38.0
2117|Italy|87|
2118|Portugal|89|
2119|US|86|15.0
2120|US|93|79.0
2121|Italy|88|50.0
2122|Spain|82|15.0
2123|US|84|18.0
2124|Portugal|83|16.0
2125|Greece|89|21.0
2126|Spain|85|14.0
2127|US|87|48.0
2128|Italy|86|31.0
2129|Australia|86|60.0
2130|New Zealand|87|15.0
2131|US|87|13.0
2132|Chile|85|15.0
2133|Spain|85|30.0
2134|US|87|39.0
2135|Italy|90|
2136|France|89|30.0
2137|France|85|17.0
2138|Chile|85|7.0
2139|US|90|18.0
2140|Greece|87|25.0
2141|US|87|35.0
2142|Argentina|82|18.0
2143|New Zealand|90|40.0
2144|Italy|92|70.0
2145|France|93|100.0
2146|Italy|93|60.0
2147|Italy|87|
2148|US|82|13.0
2149|US|86|17.0
2150|US|91|16.0
2151|Spain|88|15.0
2152|US|86|32.0
2153|Portugal|87|12.0
2154|Italy|88|
2155|New Zealand|88|17.0
2156|US|87|8.0
2157|Italy|85|16.0
2158|France|87|20.0
2159|US|89|36.0
2160|France|85|105.0
2161|Australia|90|70.0
2162|US|92|65.0
2163|France|86|19.0
2164|Portugal|85|12.0
2165|US|84|12.0
2166|US|94|300.0
2167|US|88|20.0
2168|US|90|18.0
2169|France|88|12.0
2170|US|93|35.0
2171|Italy|89|22.0
2172|Portugal|86|85.0
2173|Italy|88|21.0
2174|US|84|28.0
2175|Spain|85|14.0
2176|New Zealand|85|12.0
2177|Italy|94|125.0
2178|Spain|91|22.0
2179|US|83|23.0
2180|Italy|87|15.0
2181|France|89|29.0
2182|Germany|84|20.0
2183|Italy|90|42.0
2184|Chile|86|13.0
2185|US|92|32.0
2186|US|85|15.0
2187|France|89|
2188|Italy|90|56.0
2189|Spain|87|15.0
2190|New Zealand|92|55.0
2191|US|89|42.0
2192|Australia|85|13.0
2193|Spain|88|16.0
2194|US|86|16.0
2195|US|92|24.0
2196|US|82|17.0
2197|US|84|12.0
2198|New Zealand|90|45.0
2199|US|86|62.0
2200|Argentina|85|25.0
2201|US|91|28.0
2202|US|91|41.0
2203|US|85|52.0
2204|Chile|88|55.0
2205|Portugal|88|15.0
2206|US|84|30.0
2207|Italy|89|38.0
2208|Portugal|88|15.0
2209|US|88|32.0
2210|Italy|89|24.0
2211|Australia|89|28.0
2212|South Africa|90|15.0
2213|France|91|22.0
2214|Chile|90|21.0
2215|France|94|50.0
2216|US|87|30.0
2217|US|88|28.0
2218|Spain|83|19.0
2219|France|89|
2220|US|93|50.0
2221|US|85|13.0
2222|Italy|94|100.0
2223|France|88|24.0
2224|Cyprus|89|20.0
2225|Slovenia|92|50.0
2226|US|85|17.0
2227|US|86|36.0
2228|US|89|20.0
2229|Spain|86|12.0
2230|Italy|94|
2231|US|87|14.0
2232|South Africa|91|26.0
2233|US|92|30.0
2234|US|93|50.0
2235|South Africa|86|10.0
2236|Italy|93|
2237|US|92|45.0
2238|US|85|23.0
2239|Austria|90|48.0
2240|South Africa|85|10.0
2241|US|90|32.0
2242|Portugal|88|18.0
2243|US|94|38.0
2244|France|84|12.0
2245|France|85|22.0
2246|France|89|20.0
2247|South Africa|89|18.0
2248|Austria|91|40.0
2249|Italy|87|20.0
2250|Argentina|88|12.0
2251|Austria|91|
2252|Italy|87|15.0
2253|Chile|87|12.0
2254|US|90|60.0
2255|Chile|89|25.0
2256|US|94|32.0
2257|US|93|44.0
2258|France|86|
2259|US|87|22.0
2260|US|88|40.0
2261|France|90|80.0
2262|Italy|84|11.0
2263|Argentina|83|13.0
2264|US|83|21.0
2265|Italy|91|
2266|France|86|
2267|US|91|30.0
2268|Italy|83|10.0
2269|Argentina|92|18.0
2270|US|89|38.0
2271|France|89|21.0
2272|Italy|93|
2273|Italy|90|45.0
2274|US|85|28.0
2275|US|90|30.0
2276|Spain|92|70.0
2277|Argentina|87|27.0
2278|US|94|125.0
2279|Chile|93|69.0
2280|US|89|12.0
2281|Spain|86|19.0
2282|US|84|25.0
2283|US|90|25.0
2284|Italy|84|8.0
2285|Italy|86|11.0
2286|US|85|20.0
2287|US|85|30.0
2288|France|92|
2289|Austria|95|
2290|US|91|25.0
2291|Portugal|96|200.0
2292|Italy|88|40.0
2293|US|90|50.0
2294|Argentina|84|12.0
2295|US|86|40.0
2296|US|88|36.0
2297|US|91|25.0
2298|Italy|88|40.0
2299|US|84|14.0
2300|US|89|60.0
2301|US|82|14.0
2302|Italy|83|18.0
2303|US|88|18.0
2304|Italy|87|14.0
2305|Australia|89|17.0
2306|France|82|
2307|US|86|15.0
2308|US|85|65.0
2309|US|87|28.0
2310|US|87|50.0
2311|US|89|42.0
2312|US|86|18.0
2313|Italy|87|32.0
2314|US|85|22.0
2315|US|87|48.0
2316|France|93|
2317|US|80|12.0
2318|US|88|28.0
2319|US|84|36.0
2320|Australia|88|13.0
2321|Israel|87|16.0
2322|US|88|22.0
2323|Australia|86|10.0
2324|Italy|91|50.0
2325|US|90|30.0
2326|Italy|88|
2327|France|80|11.0
2328|Spain|89|20.0
2329|Italy|87|20.0
2330|Portugal|85|14.0
2331|US|91|38.0
2332|Italy|86|
2333|US|86|16.0
2334|France|90|20.0
2335|New Zealand|89|14.0
2336|US|88|12.0
2337|Chile|87|17.0
2338|France|92|59.0
2339|US|90|25.0
2340|US|93|58.0
2341|US|92|34.0
2342|Italy|90|75.0
2343|France|87|23.0
2344|US|83|28.0
2345|US|84|14.0
2346|France|91|
2347|Italy|84|12.0
2348|Italy|88|27.0
2349|France|86|30.0
2350|Portugal|88|
2351|US|94|75.0
2352|New Zealand|89|
2353|Germany|87|14.0
2354|US|83|19.0
2355|France|87|10.0
2356|Italy|89|73.0
2357|US|88|22.0
2358|France|87|49.0
2359|Australia|87|11.0
2360|US|88|75.0
2361|Italy|88|69.0
2362|US|85|30.0
2363|Portugal|89|11.0
2364|US|91|42.0
2365|Spain|85|10.0
2366|France|90|54.0
2367|Italy|89|50.0
2368|Australia|95|84.0
2369|Italy|87|14.0
2370|Argentina|86|12.0
2371|Germany|86|28.0
2372|France|89|21.0
2373|US|88|19.0
2374|France|89|
2375|Italy|86|19.0
2376|Argentina|95|50.0
2377|Germany|90|32.0
2378|US|86|56.0
2379|France|86|
2380|Austria|89|24.0
2381|US|83|15.0
2382|US|85|18.0
2383|France|92|
2384|US|88|24.0
2385|US|88|26.0
2386|France|82|17.0
2387|US|88|29.0
2388|Italy|85|10.0
2389|US|87|14.0
2390|US|86|45.0
2391|US|88|15.0
2392|Italy|89|
2393|US|93|30.0
2394|US|86|24.0
2395|Australia|91|24.0
2396|Australia|85|13.0
2397|Italy|85|
2398|US|93|55.0
2399|US|89|12.0
2400|Italy|86|21.0
2401|Italy|90|88.0
2402|US|93|75.0
2403|Chile|84|10.0
2404|US|84|16.0
2405|Italy|87|28.0
2406|Israel|86|25.0
2407|France|90|19.0
2408|France|88|42.0
2409|Australia|87|19.0
2410|Italy|87|20.0
2411|US|87|29.0
2412|US|93|45.0
2413|Greece|82|18.0
2414|Italy|94|
2415|US|87|34.0
2416|US|87|20.0
2417|US|86|13.0
2418|US|91|59.0
2419|Argentina|87|9.0
2420|Italy|89|80.0
2421|US|85|24.0
2422|Austria|87|15.0
2423|US|84|9.0
2424|France|87|25.0
2425|US|86|35.0
2426|US|84|35.0
2427|Italy|88|26.0
2428|Italy|92|120.0
2429|US|88|15.0
2430|Portugal|90|26.0
2431|Italy|87|21.0
2432|Austria|88|
2433|US|82|10.0
2434|France|91|
2435|South Africa|87|12.0
2436|Argentina|84|8.0
2437|US|85|12.0
2438|US|90|45.0
2439|Italy|89|22.0
2440|US|81|26.0
2441|Argentina|91|34.0
2442|Australia|86|14.0
2443|Chile|86|12.0
2444|US|86|48.0
2445|US|87|16.0
2446|Chile|85|12.0
2447|France|84|11.0
2448|France|85|15.0
2449|Italy|88|20.0
2450|Argentina|87|15.0
2451|US|85|150.0
2452|Italy|90|78.0
2453|Italy|88|20.0
2454|US|85|17.0
2455|US|87|15.0
2456|Italy|87|20.0
2457|Italy|93|130.0
2458|Italy|90|20.0
2459|Chile|83|15.0
2460|France|87|10.0
2461|US|90|20.0
2462|France|93|
2463|US|88|24.0
2464|Italy|86|10.0
2465|US|90|30.0
2466|US|83|55.0
2467|US|85|30.0
2468|US|92|60.0
2469|Austria|89|18.0
2470|Chile|83|17.0
2471|France|89|110.0
2472|New Zealand|84|20.0
2473|Australia|89|14.0
2474|Chile|90|70.0
2475|US|95|60.0
2476|Chile|84|12.0
2477|US|87|58.0
2478|Italy|89|60.0
2479|US|93|35.0
2480|South Africa|92|35.0
2481|Italy|87|19.0
2482|US|94|49.0
2483|Spain|86|13.0
2484|US|89|35.0
2485|Spain|84|10.0
2486|US|90|25.0
2487|US|90|100.0
2488|France|90|
2489|US|91|44.0
2490|US|91|29.0
2491|US|91|20.0
2492|Spain|86|12.0
2493|Slovakia|82|15.0
2494|US|91|54.0
2495|Italy|88|27.0
2496|France|93|40.0
2497|Germany|86|14.0
2498|US|90|25.0
2499|Italy|89|60.0
2500|France|94|
2501|Spain|87|9.0
2502|Germany|91|24.0
2503|US|91|16.0
2504|France|91|20.0
2505|Argentina|80|8.0
2506|New Zealand|90|
2507|US|87|13.0
2508|Chile|89|15.0
2509|US|94|69.0
2510|Italy|91|
2511|Argentina|84|5.0
2512|Italy|87|13.0
2513|Spain|83|8.0
2514|Chile|87|12.0
2515|US|84|36.0
2516|US|85|25.0
2517|US|85|14.0
2518|France|87|24.0
2519|Italy|88|16.0
2520|US|91|20.0
2521|US|94|32.0
2522|New Zealand|88|12.0
2523|Italy|87|
2524|Spain|86|15.0
2525|Italy|87|26.0
2526|US|85|16.0
2527|France|89|
2528|Chile|90|25.0
2529|US|89|18.0
2530|France|89|
2531|US|84|15.0
2532|France|88|14.0
2533|France|87|
2534|US|90|37.0
2535|US|89|35.0
2536|Australia|90|25.0
2537|France|95|225.0
2538|US|82|15.0
2539|South Africa|88|15.0
2540|South Africa|89|17.0
2541|Germany|84|9.0
2542|Italy|87|25.0
2543|US|93|22.0
2544|Italy|90|105.0
2545|US|89|22.0
2546|US|88|42.0
2547|Spain|87|17.0
2548|US|89|150.0
2549|France|88|18.0
2550|France|88|59.0
2551|US|89|10.0
2552|Germany|90|25.0
2553|US|82|11.0
2554|US|84|15.0
2555|US|87|24.0
2556|Italy|86|18.0
2557|US|93|34.0
2558|France|90|
2559|US|84|18.0
2560|Italy|92|45.0
2561|South Africa|93|49.0
2562|France|90|
2563|US|88|13.0
2564|Italy|86|11.0
2565|US|90|30.0
2566|Austria|90|15.0
2567|Greece|86|17.0
2568|Italy|91|
2569|New Zealand|84|11.0
2570|US|91|30.0
2571|US|95|125.0
2572|Portugal|83|7.0
2573|US|86|14.0
2574|South Africa|90|39.0
2575|Austria|88|
2576|US|86|14.0
2577|Italy|87|19.0
2578|Germany|91|50.0
2579|US|81|23.0
2580|US|91|22.0
2581|US|82|30.0
2582|US|83|8.0
2583|US|88|13.0
2584|Italy|91|60.0
2585|Italy|87|
2586|Italy|88|50.0
2587|Spain|87|15.0
2588|US|85|80.0
2589|US|91|35.0
2590|France|86|50.0
2591|US|91|71.0
2592|US|83|18.0
2593|Italy|90|
2594|Austria|94|
2595|Germany|88|45.0
2596|Italy|90|
2597|Portugal|94|50.0
2598|Portugal|86|11.0
2599|US|84|32.0
2600|Chile|85|15.0
2601|US|89|20.0
2602|US|87|15.0
2603|Spain|88|19.0
2604|Austria|90|49.0
2605|France|90|
2606|France|86|11.0
2607|Italy|89|38.0
2608|Greece|85|14.0
2609|Italy|90|75.0
2610|US|90|35.0
2611|US|85|79.0
2612|US|85|32.0
2613|US|91|20.0
2614|Spain|86|11.0
2615|US|93|42.0
2616|Australia|87|11.0
2617|Spain|85|25.0
2618|France|87|22.0
2619|US|91|15.0
2620|France|87|28.0
2621|Spain|87|18.0
2622|Chile|88|17.0
2623|Italy|88|49.0
2624|South Africa|88|12.0
2625|Italy|87|28.0
2626|France|93|
2627|US|89|18.0
2628|Italy|86|15.0
2629|Greece|85|13.0
2630|France|88|25.0
2631|US|84|10.0
2632|Argentina|85|17.0
2633|US|88|22.0
2634|US|90|25.0
2635|US|87|45.0
2636|US|83|18.0
2637|US|84|17.0
2638|US|86|15.0
2639|New Zealand|86|12.0
2640|US|88|30.0
2641|Uruguay|80|15.0
2642|Bosnia and Herzegovina|83|13.0
2643|New Zealand|86|29.0
2644|US|85|43.0
2645|US|85|14.0
2646|Australia|91|36.0
2647|France|88|
2648|Italy|88|21.0
2649|US|89|16.0
2650|US|90|26.0
2651|US|86|10.0
2652|US|83|28.0
2653|France|87|13.0
2654|Chile|84|15.0
2655|France|86|13.0
2656|Italy|87|18.0
2657|Italy|90|75.0
2658|US|87|20.0
2659|US|84|15.0
2660|Italy|91|
2661|US|84|12.0
2662|Austria|91|59.0
2663|France|87|15.0
2664|Italy|86|10.0
2665|South Africa|89|15.0
2666|US|84|36.0
2667|Portugal|90|18.0
2668|France|86|15.0
2669|US|93|55.0
2670|Italy|86|26.0
2671|Spain|87|13.0
2672|US|90|44.0
2673|Germany|86|10.0
2674|US|92|118.0
2675|France|87|28.0
2676|US|85|28.0
2677|US|89|10.0
2678|Chile|89|20.0
2679|Chile|84|15.0
2680|Argentina|90|13.0
2681|US|87|50.0
2682|US|86|55.0
2683|France|87|
2684|Argentina|86|12.0
2685|US|88|13.0
2686|France|89|17.0
2687|France|90|
2688|France|82|6.0
2689|US|90|50.0
2690|Germany|90|25.0
2691|France|95|
2692|France|87|35.0
2693|France|95|
2694|US|86|18.0
2695|US|93|60.0
2696|Austria|91|30.0
2697|US|87|16.0
2698|Portugal|91|12.0
2699|US|90|80.0
2700|France|87|
2701|Italy|90|25.0
2702|Greece|85|18.0
2703|US|87|75.0
2704|US|86|22.0
2705|US|89|49.0
2706|Spain|89|17.0
2707|US|83|10.0
2708|Italy|83|
2709|US|86|20.0
2710|France|87|78.0
2711|Italy|86|18.0
2712|Argentina|89|25.0
2713|Portugal|89|14.0
2714|Germany|82|25.0
2715|US|85|60.0
2716|US|91|50.0
2717|France|89|20.0
2718|Spain|84|20.0
2719|US|87|25.0
2720|US|91|40.0
2721|US|86|25.0
2722|US|88|35.0
2723|US|84|13.0
2724|US|81|25.0
2725|US|89|30.0
2726|US|90|36.0
2727|US|86|48.0
2728|Chile|87|
2729|Italy|92|80.0
2730|Austria|89|21.0
2731|US|91|22.0
2732|US|86|9.0
2733|US|90|50.0
2734|Italy|93|32.0
2735|US|93|60.0
2736|US|89|40.0
2737|Italy|92|50.0
2738|Spain|82|18.0
2739|US|85|12.0
2740|Portugal|90|
2741|France|88|
2742|US|87|17.0
2743|Australia|85|24.0
2744|US|94|28.0
2745|US|83|13.0
2746|US|84|25.0
2747|US|90|45.0
2748|Spain|85|20.0
2749|France|88|43.0
2750|Chile|86|15.0
2751|US|90|20.0
2752|Italy|92|60.0
2753|France|88|27.0
2754|US|86|25.0
2755|Greece|88|35.0
2756|US|88|22.0
2757|Portugal|93|65.0
2758|Argentina|85|9.0
2759|US|88|28.0
2760|US|87|18.0
2761|US|87|40.0
2762|Italy|89|
2763|US|88|18.0
2764|Spain|85|8.0
2765|Chile|87|18.0
2766|US|90|100.0
2767|Argentina|86|11.0
2768|US|82|18.0
2769|Austria|92|65.0
2770|Italy|90|50.0
2771|US|85|28.0
2772|Italy|90|29.0
2773|Italy|87|15.0
2774|Italy|88|
2775|Portugal|87|22.0
2776|US|89|35.0
2777|US|94|75.0
2778|Australia|88|27.0
2779|US|82|8.0
2780|France|97|
2781|Portugal|87|
2782|France|85|11.0
2783|US|86|30.0
2784|Italy|88|29.0
2785|Australia|81|8.0
2786|US|81|36.0
2787|Italy|90|
2788|France|88|60.0
2789|US|87|26.0
2790|Portugal|87|12.0
2791|Austria|90|22.0
2792|US|87|28.0
2793|Australia|87|17.0
2794|Chile|87|9.0
2795|US|89|18.0
2796|Spain|85|15.0
2797|Chile|88|15.0
2798|New Zealand|86|32.0
2799|Italy|90|36.0
2800|US|90|43.0
2801|US|84|13.0
2802|US|87|20.0
2803|France|85|
2804|US|84|20.0
2805|Argentina|88|18.0
2806|Italy|88|18.0
2807|Australia|90|75.0
2808|US|83|24.0
2809|France|92|72.0
2810|US|87|42.0
2811|US|94|90.0
2812|US|89|12.0
2813|US|89|40.0
2814|US|84|35.0
2815|Italy|85|12.0
2816|US|86|49.0
2817|Italy|93|105.0
2818|France|88|16.0
2819|Australia|88|10.0
2820|US|89|22.0
2821|Greece|84|20.0
2822|US|87|15.0
2823|Chile|91|55.0
2824|US|81|22.0
2825|US|91|115.0
2826|US|84|22.0
2827|US|87|15.0
2828|Chile|86|12.0
2829|Italy|88|30.0
2830|US|86|9.0
2831|Italy|86|20.0
2832|France|93|270.0
2833|Italy|92|40.0
2834|US|85|21.0
2835|Italy|87|24.0
2836|US|86|40.0
2837|Italy|87|12.0
2838|US|88|20.0
2839|US|87|10.0
2840|Italy|93|80.0
2841|US|85|26.0
2842|US|87|24.0
2843|US|88|27.0
2844|Germany|85|11.0
2845|Italy|87|
2846|South Africa|87|10.0
2847|Italy|94|
2848|US|87|32.0
2849|US|87|28.0
2850|US|86|16.0
2851|US|88|17.0
2852|Argentina|89|10.0
2853|Austria|90|
2854|US|87|22.0
2855|US|86|36.0
2856|US|92|50.0
2857|New Zealand|89|21.0
2858|US|83|22.0
2859|Argentina|92|38.0
2860|Australia|85|10.0
2861|Germany|85|10.0
2862|Italy|87|15.0
2863|Chile|83|9.0
2864|US|86|31.0
2865|US|93|78.0
2866|Chile|81|13.0
2867|France|87|15.0
2868|US|93|50.0
2869|Argentina|89|28.0
2870|US|90|42.0
2871|France|86|20.0
2872|Chile|88|19.0
2873|Italy|89|30.0
2874|Italy|91|
2875|US|86|15.0
2876|Spain|85|16.0
2877|US|91|35.0
2878|South Africa|91|39.0
2879|France|86|14.0
2880|US|91|50.0
2881|Italy|91|
2882|US|90|30.0
2883|Italy|89|40.0
2884|Italy|90|40.0
2885|France|87|13.0
2886|Chile|85|16.0
2887|Australia|93|30.0
2888|France|93|250.0
2889|New Zealand|91|80.0
2890|Italy|93|70.0
2891|US|91|45.0
2892|US|82|10.0
2893|France|87|24.0
2894|Australia|86|17.0
2895|US|86|24.0
2896|France|89|
2897|Spain|94|166.0
2898|Germany|87|19.0
2899|Spain|93|62.0
2900|US|86|24.0
2901|US|90|75.0
2902|Spain|87|22.0
2903|France|91|48.0
2904|US|93|48.0
2905|France|88|11.0
2906|US|91|60.0
2907|Spain|86|12.0
2908|Italy|89|
2909|US|90|28.0
2910|US|87|26.0
2911|Spain|86|14.0
2912|Chile|81|11.0
2913|Portugal|89|57.0
2914|Chile|90|24.0
2915|US|88|50.0
2916|South Africa|86|12.0
2917|US|87|50.0
2918|US|83|14.0
2919|US|90|34.0
2920|US|95|80.0
2921|US|85|38.0
2922|US|87|16.0
2923|New Zealand|90|27.0
2924|Italy|85|15.0
2925|Italy|87|19.0
2926|Italy|94|50.0
2927|France|84|11.0
2928|Australia|87|11.0
2929|France|84|19.0
2930|US|88|15.0
2931|Argentina|87|13.0
2932|France|91|39.0
2933|France|88|
2934|Germany|91|33.0
2935|US|90|38.0
2936|Spain|87|10.0
2937|US|87|16.0
2938|US|80|25.0
2939|Portugal|84|10.0
2940|Chile|87|49.0
2941|Portugal|91|56.0
2942|Portugal|91|
2943|Italy|93|60.0
2944|US|84|24.0
2945|Spain|86|15.0
2946|Spain|87|8.0
2947|US|89|35.0
2948|US|90|35.0
2949|US|88|30.0
2950|Austria|90|25.0
2951|Spain|87|23.0
2952|US|84|40.0
2953|South Africa|86|20.0
2954|US|88|26.0
2955|France|90|59.0
2956|Australia|84|8.0
2957|Argentina|87|12.0
2958|US|88|42.0
2959|US|93|20.0
2960|Portugal|88|17.0
2961|France|83|10.0
2962|US|90|36.0
2963|Spain|83|10.0
2964|US|88|35.0
2965|France|87|17.0
2966|US|100|245.0
2967|US|93|50.0
2968|France|94|25.0
2969|US|94|99.0
2970|Italy|87|18.0
2971|US|94|40.0
2972|US|91|70.0
2973|Italy|90|
2974|Austria|87|28.0
2975|US|86|25.0
2976|France|94|
2977|US|85|38.0
2978|Spain|84|11.0
2979|Italy|90|40.0
2980|US|85|40.0
2981|US|85|150.0
2982|US|95|53.0
2983|US|87|18.0
2984|US|83|45.0
2985|Spain|86|8.0
2986|Italy|86|22.0
2987|US|93|55.0
2988|Austria|90|36.0
2989|France|85|13.0
2990|Italy|92|29.0
2991|France|93|
2992|Australia|91|35.0
2993|US|89|28.0
2994|France|89|
2995|US|91|36.0
2996|France|88|
2997|US|94|48.0
2998|Spain|90|30.0
2999|US|83|10.0
3000|US|85|28.0
3001|Germany|89|19.0
3002|US|92|36.0
3003|US|92|40.0
3004|US|83|20.0
3005|Italy|84|8.0
3006|Italy|87|12.0
3007|France|93|130.0
3008|US|86|48.0
3009|US|87|32.0
3010|US|89|20.0
3011|US|83|19.0
3012|France|89|50.0
3013|South Africa|89|19.0
3014|Mexico|82|30.0
3015|US|87|15.0
3016|US|89|50.0
3017|France|85|35.0
3018|US|92|55.0
3019|US|88|65.0
3020|Spain|87|20.0
3021|Italy|91|74.0
3022|US|87|12.0
3023|France|90|
3024|France|90|
3025|Chile|86|19.0
3026|US|85|32.0
3027|Chile|87|
3028|Austria|86|17.0
3029|Australia|86|10.0
3030|Italy|88|34.0
3031|US|86|24.0
3032|New Zealand|88|17.0
3033|Austria|87|41.0
3034|Austria|86|16.0
3035|US|87|43.0
3036|US|84|25.0
3037|US|89|
3038|US|84|
3039|US|84|28.0
3040|Italy|89|
3041|Italy|83|20.0
3042|Spain|87|12.0
3043|US|90|24.0
3044|France|85|8.0
3045|US|84|15.0
3046|Australia|95|120.0
3047|US|85|10.0
3048|Portugal|86|9.0
3049|US|90|18.0
3050|Italy|87|17.0
3051|Spain|94|15.0
3052|Slovenia|88|27.0
3053|Chile|86|12.0
3054|Italy|86|
3055|France|91|22.0
3056|US|91|54.0
3057|US|93|90.0
3058|Argentina|86|16.0
3059|France|94|125.0
3060|US|86|15.0
3061|US|91|40.0
3062|US|84|24.0
3063|Chile|84|18.0
3064|US|91|29.0
3065|US|86|30.0
3066|Chile|83|10.0
3067|US|89|15.0
3068|US|91|45.0
3069|US|89|30.0
3070|Italy|92|40.0
3071|US|89|19.0
3072|Argentina|90|167.0
3073|US|84|50.0
3074|Spain|89|14.0
3075|Italy|87|38.0
3076|France|88|
3077|US|90|36.0
3078|Portugal|83|13.0
3079|US|84|40.0
3080|Italy|89|69.0
3081|US|87|22.0
3082|US|93|35.0
3083|US|85|20.0
3084|US|87|15.0
3085|US|88|34.0
3086|US|87|25.0
3087|France|84|17.0
3088|Italy|86|14.0
3089|Spain|88|50.0
3090|Italy|94|80.0
3091|US|89|24.0
3092|Italy|85|12.0
3093|US|91|40.0
3094|France|91|25.0
3095|US|85|23.0
3096|Italy|82|13.0
3097|France|91|23.0
3098|Australia|91|65.0
3099|France|97|288.0
3100|Italy|92|155.0
3101|Austria|86|16.0
3102|Germany|86|10.0
3103|US|83|12.0
3104|France|87|31.0
3105|US|86|16.0
3106|France|90|
3107|Italy|84|22.0
3108|US|86|28.0
3109|US|86|18.0
3110|France|87|16.0
3111|Chile|81|9.0
3112|Argentina|84|11.0
3113|US|89|20.0
3114|Spain|89|18.0
3115|US|91|42.0
3116|US|91|20.0
3117|Israel|87|50.0
3118|France|89|76.0
3119|US|90|24.0
3120|US|90|35.0
3121|South Africa|89|25.0
3122|Spain|84|12.0
3123|Spain|85|11.0
3124|US|83|30.0
3125|New Zealand|88|22.0
3126|Portugal|85|7.0
3127|US|93|26.0
3128|Portugal|89|20.0
3129|France|91|
3130|Italy|93|125.0
3131|Chile|90|75.0
3132|Argentina|88|9.0
3133|Spain|84|15.0
3134|Australia|87|20.0
3135|Australia|89|19.0
3136|New Zealand|89|30.0
3137|France|90|
3138|Chile|85|10.0
3139|Greece|89|23.0
3140|Italy|91|26.0
3141|France|85|15.0
3142|US|84|15.0
3143|Spain|90|42.0
3144|Portugal|85|14.0
3145|US|89|14.0
3146|Italy|87|16.0
3147|New Zealand|89|24.0
3148|France|91|
3149|Italy|87|15.0
3150|US|90|20.0
3151|New Zealand|88|36.0
3152|Austria|90|
3153|Germany|91|40.0
3154|US|88|30.0
3155|US|93|50.0
3156|US|88|31.0
3157|US|93|35.0
3158|US|87|20.0
3159|Argentina|92|44.0
3160|Italy|85|
3161|France|86|
3162|Portugal|90|13.0
3163|Italy|87|30.0
3164|US|93|68.0
3165|US|92|42.0
3166|France|87|28.0
3167|US|87|14.0
3168|Chile|87|8.0
3169|Italy|87|9.0
3170|Portugal|85|13.0
3171|US|86|30.0
3172|US|84|22.0
3173|Italy|88|21.0
3174|US|87|26.0
3175|Italy|90|25.0
3176|US|87|40.0
3177|Italy|86|15.0
3178|France|84|10.0
3179|Italy|88|18.0
3180|Italy|86|18.0
3181|US|83|15.0
3182|Spain|86|17.0
3183|Australia|93|110.0
3184|France|91|26.0
3185|US|100|200.0
3186|Argentina|85|16.0
3187|US|87|29.0
3188|US|92|43.0
3189|US|88|28.0
3190|France|91|
3191|US|84|16.0
3192|Spain|85|10.0
3193|Portugal|91|
3194|France|90|
3195|Chile|91|75.0
3196|France|85|22.0
3197|US|90|41.0
3198|Austria|94|
3199|US|83|46.0
3200|US|87|20.0
3201|US|85|38.0
3202|France|90|21.0
3203|US|84|20.0
3204|US|87|25.0
3205|Austria|90|26.0
3206|Spain|89|36.0
3207|South Africa|89|30.0
3208|Austria|93|67.0
3209|US|82|28.0
3210|US|83|24.0
3211|Italy|95|
3212|Portugal|91|25.0
3213|Italy|91|68.0
3214|US|91|36.0
3215|US|84|29.0
3216|Argentina|86|19.0
3217|Croatia|83|13.0
3218|US|89|37.0
3219|Spain|83|20.0
3220|US|87|23.0
3221|US|84|75.0
3222|US|87|15.0
3223|Argentina|88|10.0
3224|Portugal|85|8.0
3225|Australia|83|13.0
3226|Italy|87|69.0
3227|US|92|38.0
3228|France|89|60.0
3229|US|87|14.0
3230|Canada|83|12.0
3231|Australia|90|85.0
3232|Italy|86|8.0
3233|US|92|32.0
3234|Italy|92|55.0
3235|France|87|17.0
3236|US|92|42.0
3237|Italy|88|14.0
3238|Chile|84|11.0
3239|US|86|18.0
3240|US|86|14.0
3241|France|95|200.0
3242|US|92|28.0
3243|US|81|34.0
3244|Argentina|90|15.0
3245|US|86|25.0
3246|US|93|40.0
3247|US|84|11.0
3248|Spain|84|11.0
3249|US|92|38.0
3250|US|85|34.0
3251|US|90|22.0
3252|Spain|88|11.0
3253|Italy|85|
3254|US|88|35.0
3255|France|94|80.0
3256|Italy|89|19.0
3257|US|81|20.0
3258|US|86|28.0
3259|France|86|
3260|US|90|
3261|New Zealand|89|18.0
3262|France|86|
3263|US|89|36.0
3264|Australia|90|40.0
3265|US|87|30.0
3266|France|95|
3267|Argentina|85|10.0
3268|US|85|25.0
3269|US|92|33.0
3270|US|87|18.0
3271|US|86|18.0
3272|US|86|33.0
3273|US|90|60.0
3274|Portugal|88|16.0
3275|US|82|14.0
3276|Italy|93|95.0
3277|US|93|120.0
3278|Austria|90|48.0
3279|US|88|40.0
3280|US|88|24.0
3281|US|87|16.0
3282|France|89|59.0
3283|Moldova|85|22.0
3284|US|88|25.0
3285|US|88|17.0
3286|US|88|20.0
3287|Germany|86|5.0
3288|US|89|30.0
3289|Argentina|89|22.0
3290|New Zealand|85|16.0
3291|Spain|85|20.0
3292|US|83|14.0
3293|France|85|
3294|Portugal|89|12.0
3295|Greece|86|12.0
3296|US|87|23.0
3297|France|91|31.0
3298|France|92|
3299|US|85|20.0
3300|Argentina|84|5.0
3301|Germany|85|8.0
3302|France|92|
3303|US|90|32.0
3304|US|86|40.0
3305|New Zealand|88|33.0
3306|Germany|85|14.0
3307|Italy|87|17.0
3308|US|92|168.0
3309|France|90|65.0
3310|Greece|87|28.0
3311|US|86|30.0
3312|Italy|86|
3313|Italy|86|21.0
3314|US|86|10.0
3315|Italy|91|32.0
3316|Italy|87|25.0
3317|US|81|15.0
3318|France|95|
3319|Argentina|89|20.0
3320|US|85|10.0
3321|US|89|47.0
3322|Argentina|91|42.0
3323|Portugal|87|19.0
3324|Argentina|80|10.0
3325|Italy|87|
3326|Italy|94|75.0
3327|France|91|
3328|Italy|89|40.0
3329|Italy|87|50.0
3330|Italy|84|22.0
3331|US|84|15.0
3332|France|93|
3333|US|87|35.0
3334|US|92|25.0
3335|US|89|39.0
3336|US|89|35.0
3337|US|87|19.0
3338|US|87|18.0
3339|US|87|8.0
3340|Italy|90|30.0
3341|US|83|17.0
3342|US|87|48.0
3343|Italy|86|21.0
3344|US|84|18.0
3345|US|82|15.0
3346|US|92|40.0
3347|US|84|18.0
3348|Italy|90|29.0
3349|US|87|25.0
3350|Italy|93|68.0
3351|France|93|78.0
3352|Chile|88|11.0
3353|US|85|15.0
3354|Australia|84|12.0
3355|Australia|89|100.0
3356|US|94|70.0
3357|Italy|85|12.0
3358|US|89|35.0
3359|Austria|90|43.0
3360|Italy|93|59.0
3361|Portugal|84|16.0
3362|Portugal|84|8.0
3363|Austria|89|
3364|US|87|22.0
3365|Argentina|82|8.0
3366|Italy|87|12.0
3367|Austria|93|74.0
3368|US|87|45.0
3369|US|90|55.0
3370|France|88|85.0
3371|Italy|88|27.0
3372|France|88|20.0
3373|US|89|85.0
3374|US|100|245.0
3375|Italy|88|
3376|US|86|40.0
3377|US|88|16.0
3378|France|92|
3379|US|88|35.0
3380|Spain|87|20.0
3381|US|87|25.0
3382|Chile|84|12.0
3383|US|84|28.0
3384|US|87|18.0
3385|US|92|45.0
3386|US|90|30.0
3387|US|92|52.0
3388|US|88|20.0
3389|US|86|18.0
3390|US|86|55.0
3391|New Zealand|86|20.0
3392|Portugal|86|8.0
3393|US|87|20.0
3394|New Zealand|87|11.0
3395|Italy|88|20.0
3396|US|86|75.0
3397|US|83|28.0
3398|US|89|40.0
3399|Austria|94|
3400|US|87|95.0
3401|Austria|89|88.0
3402|France|87|37.0
3403|US|89|25.0
3404|France|86|26.0
3405|Italy|84|
3406|Spain|90|26.0
3407|US|85|18.0
3408|France|86|15.0
3409|Italy|90|
3410|Italy|85|15.0
3411|US|85|36.0
3412|US|87|18.0
3413|France|94|50.0
3414|US|93|40.0
3415|US|84|16.0
3416|US|95|125.0
3417|US|89|30.0
3418|US|88|38.0
3419|France|85|12.0
3420|Italy|87|50.0
3421|US|90|35.0
3422|Austria|90|
3423|Australia|87|18.0
3424|Italy|91|
3425|US|88|18.0
3426|Argentina|85|13.0
3427|US|92|42.0
3428|US|87|19.0
3429|US|87|40.0
3430|US|87|28.0
3431|US|90|48.0
3432|Chile|91|40.0
3433|Italy|87|12.0
3434|US|88|44.0
3435|France|84|11.0
3436|France|86|38.0
3437|US|94|120.0
3438|US|85|20.0
3439|France|92|
3440|US|84|10.0
3441|Spain|91|95.0
3442|Chile|90|20.0
3443|France|89|100.0
3444|Austria|86|
3445|France|86|
3446|Italy|86|14.0
3447|Italy|94|90.0
3448|Italy|92|19.0
3449|Italy|87|
3450|France|89|44.0
3451|Italy|85|60.0
3452|US|92|24.0
3453|Australia|82|10.0
3454|US|84|40.0
3455|US|87|30.0
3456|US|87|20.0
3457|Spain|91|30.0
3458|Italy|86|10.0
3459|US|82|16.0
3460|US|91|35.0
3461|US|88|15.0
3462|US|85|35.0
3463|Israel|85|70.0
3464|Italy|87|15.0
3465|France|87|
3466|US|87|40.0
3467|Italy|90|30.0
3468|US|88|79.0
3469|France|86|23.0
3470|Italy|89|59.0
3471|Chile|89|11.0
3472|Italy|85|13.0
3473|France|89|13.0
3474|US|90|24.0
3475|US|85|35.0
3476|Australia|85|
3477|France|92|
3478|Italy|86|50.0
3479|Chile|92|85.0
3480|US|96|125.0
3481|South Africa|85|9.0
3482|Argentina|90|30.0
3483|US|94|45.0
3484|US|82|18.0
3485|Austria|91|32.0
3486|US|88|25.0
3487|US|82|10.0
3488|US|84|22.0
3489|Italy|87|18.0
3490|Germany|93|50.0
3491|Chile|85|23.0
3492|US|90|50.0
3493|Australia|84|6.0
3494|US|94|50.0
3495|Spain|90|15.0
3496|France|89|25.0
3497|Italy|92|57.0
3498|Italy|86|12.0
3499|US|93|70.0
3500|France|88|
3501|US|87|38.0
3502|Italy|87|15.0
3503|Italy|86|
3504|France|83|
3505|Portugal|85|12.0
3506|US|91|20.0
3507|France|85|13.0
3508|US|86|12.0
3509|US|84|34.0
3510|Italy|88|40.0
3511|US|87|24.0
3512|Spain|86|30.0
3513|US|94|85.0
3514|US|91|25.0
3515|France|87|47.0
3516|US|82|80.0
3517|US|88|38.0
3518|New Zealand|90|17.0
3519|US|88|39.0
3520|Italy|90|56.0
3521|Germany|87|12.0
3522|Australia|88|15.0
3523|US|84|25.0
3524|Spain|82|13.0
3525|Italy|87|18.0
3526|US|82|14.0
3527|France|87|17.0
3528|US|88|45.0
3529|Spain|81|11.0
3530|US|87|16.0
3531|Chile|85|10.0
3532|US|86|15.0
3533|New Zealand|91|15.0
3534|Chile|85|15.0
3535|Italy|87|17.0
3536|US|84|13.0
3537|US|90|28.0
3538|Italy|87|16.0
3539|US|90|26.0
3540|Italy|89|20.0
3541|US|86|15.0
3542|Israel|86|24.0
3543|Italy|94|126.0
3544|France|86|13.0
3545|Italy|90|18.0
3546|US|82|10.0
3547|US|86|17.0
3548|Italy|86|21.0
3549|US|89|20.0
3550|Italy|87|15.0
3551|Italy|87|
3552|US|93|100.0
3553|Argentina|87|13.0
3554|Australia|88|16.0
3555|US|84|14.0
3556|US|88|20.0
3557|Italy|86|15.0
3558|US|91|90.0
3559|France|95|
3560|New Zealand|89|45.0
3561|South Africa|86|19.0
3562|Argentina|83|19.0
3563|Germany|88|17.0
3564|Chile|89|20.0
3565|Argentina|86|17.0
3566|US|88|10.0
3567|France|85|13.0
3568|Chile|90|19.0
3569|US|87|50.0
3570|US|88|22.0
3571|France|86|30.0
3572|France|81|
3573|Italy|92|85.0
3574|Spain|82|20.0
3575|US|87|25.0
3576|France|87|14.0
3577|US|85|20.0
3578|South Africa|86|24.0
3579|US|82|8.0
3580|Portugal|90|33.0
3581|France|93|
3582|Italy|86|
3583|US|90|35.0
3584|France|93|55.0
3585|France|86|
3586|Italy|86|15.0
3587|Spain|88|16.0
3588|US|88|42.0
3589|US|84|29.0
3590|France|94|
3591|US|91|16.0
3592|New Zealand|86|15.0
3593|US|87|115.0
3594|US|85|18.0
3595|US|87|18.0
3596|US|88|28.0
3597|France|91|
3598|US|80|30.0
3599|Israel|86|15.0
3600|US|80|28.0
3601|Australia|87|14.0
3602|South Africa|88|20.0
3603|US|84|40.0
3604|Spain|82|6.0
3605|US|88|40.0
3606|US|86|16.0
3607|US|91|35.0
3608|France|85|10.0
3609|Argentina|84|18.0
3610|Australia|89|23.0
3611|Italy|92|48.0
3612|US|86|18.0
3613|Italy|87|13.0
3614|Italy|90|55.0
3615|Italy|88|17.0
3616|South Africa|88|16.0
3617|South Africa|90|25.0
3618|Portugal|87|
3619|Portugal|86|9.0
3620|France|89|22.0
3621|US|88|30.0
3622|Spain|91|34.0
3623|Greece|86|15.0
3624|Argentina|87|20.0
3625|Spain|92|50.0
3626|Italy|90|
3627|France|90|
3628|US|93|
3629|Chile|82|20.0
3630|US|86|10.0
3631|Italy|90|40.0
3632|US|84|40.0
3633|Argentina|89|18.0
3634|Chile|92|50.0
3635|US|84|26.0
3636|France|95|76.0
3637|Portugal|92|100.0
3638|US|85|15.0
3639|US|84|24.0
3640|US|89|18.0
3641|Italy|89|28.0
3642|Portugal|86|10.0
3643|US|88|18.0
3644|Italy|92|30.0
3645|Chile|84|15.0
3646|US|88|16.0
3647|US|83|24.0
3648|US|84|20.0
3649|Italy|91|25.0
3650|France|91|34.0
3651|US|92|35.0
3652|Italy|86|12.0
3653|US|90|23.0
3654|US|86|46.0
3655|US|88|60.0
3656|New Zealand|87|18.0
3657|US|92|29.0
3658|Argentina|83|14.0
3659|US|90|32.0
3660|Portugal|85|
3661|US|89|50.0
3662|Italy|90|22.0
3663|US|88|14.0
3664|Spain|88|14.0
3665|US|85|15.0
3666|France|86|18.0
3667|Croatia|87|19.0
3668|Argentina|86|15.0
3669|Portugal|83|9.0
3670|US|83|25.0
3671|US|88|16.0
3672|US|85|13.0
3673|Italy|91|
3674|US|87|28.0
3675|US|87|12.0
3676|Australia|88|20.0
3677|US|91|25.0
3678|US|90|34.0
3679|New Zealand|85|14.0
3680|US|82|23.0
3681|US|86|45.0
3682|US|92|75.0
3683|Greece|86|19.0
3684|France|86|19.0
3685|US|89|25.0
3686|US|91|150.0
3687|Italy|90|31.0
3688|US|92|45.0
3689|US|92|55.0
3690|Italy|89|16.0
3691|Italy|92|50.0
3692|France|90|24.0
3693|Italy|91|
3694|Italy|85|18.0
3695|Argentina|83|9.0
3696|France|89|41.0
3697|US|91|20.0
3698|US|90|25.0
3699|US|85|16.0
3700|Argentina|87|14.0
3701|Austria|93|83.0
3702|US|93|45.0
3703|US|84|12.0
3704|US|86|20.0
3705|US|91|32.0
3706|Spain|84|10.0
3707|France|90|60.0
3708|New Zealand|90|55.0
3709|US|94|60.0
3710|France|85|11.0
3711|Israel|85|15.0
3712|US|92|45.0
3713|Austria|90|48.0
3714|US|82|35.0
3715|US|87|16.0
3716|Australia|89|28.0
3717|US|88|39.0
3718|France|87|24.0
3719|Italy|87|14.0
3720|US|94|65.0
3721|US|81|26.0
3722|France|90|60.0
3723|Italy|90|17.0
3724|US|81|10.0
3725|Argentina|85|55.0
3726|Argentina|80|7.0
3727|Portugal|90|13.0
3728|US|86|26.0
3729|Argentina|86|11.0
3730|Italy|90|
3731|France|87|22.0
3732|US|93|30.0
3733|Austria|89|26.0
3734|Italy|91|22.0
3735|Chile|87|22.0
3736|Italy|87|35.0
3737|US|87|35.0
3738|US|91|50.0
3739|Chile|89|25.0
3740|US|91|26.0
3741|Chile|89|13.0
3742|US|88|19.0
3743|US|90|35.0
3744|US|91|48.0
3745|US|92|45.0
3746|US|87|50.0
3747|France|92|
3748|Portugal|87|11.0
3749|France|88|35.0
3750|US|90|60.0
3751|Chile|81|14.0
3752|US|90|20.0
3753|US|92|79.0
3754|US|87|30.0
3755|US|93|55.0
3756|US|88|65.0
3757|France|95|45.0
3758|US|84|20.0
3759|US|89|42.0
3760|Spain|87|15.0
3761|Italy|87|55.0
3762|US|82|19.0
3763|US|85|15.0
3764|Australia|84|7.0
3765|US|84|24.0
3766|Italy|85|10.0
3767|France|93|52.0
3768|Austria|90|90.0
3769|US|84|42.0
3770|Australia|90|35.0
3771|US|93|54.0
3772|France|86|12.0
3773|Italy|86|11.0
3774|Italy|92|120.0
3775|US|84|15.0
3776|Spain|82|10.0
3777|Argentina|89|57.0
3778|Spain|89|21.0
3779|US|90|135.0
3780|Slovenia|89|
3781|France|87|13.0
3782|US|89|25.0
3783|Argentina|89|11.0
3784|France|93|
3785|Australia|88|25.0
3786|US|85|12.0
3787|New Zealand|88|16.0
3788|US|87|75.0
3789|US|85|32.0
3790|Argentina|86|16.0
3791|US|92|36.0
3792|Italy|87|
3793|Argentina|92|64.0
3794|US|90|32.0
3795|US|88|45.0
3796|Chile|85|10.0
3797|US|83|24.0
3798|US|91|45.0
3799|US|85|10.0
3800|France|92|
3801|France|92|
3802|US|86|20.0
3803|US|87|35.0
3804|Argentina|88|20.0
3805|France|84|
3806|US|88|35.0
3807|US|81|10.0
3808|New Zealand|90|14.0
3809|US|90|52.0
3810|France|89|
3811|Italy|87|19.0
3812|US|88|25.0
3813|New Zealand|90|23.0
3814|France|86|
3815|US|90|28.0
3816|US|91|34.0
3817|US|90|30.0
3818|US|88|34.0
3819|France|90|45.0
3820|US|95|85.0
3821|US|90|80.0
3822|US|87|18.0
3823|US|93|52.0
3824|Italy|85|10.0
3825|Portugal|88|14.0
3826|Spain|88|19.0
3827|US|87|18.0
3828|Australia|89|19.0
3829|Australia|90|75.0
3830|US|86|25.0
3831|US|90|25.0
3832|Spain|84|16.0
3833|US|88|40.0
3834|US|85|12.0
3835|Italy|90|
3836|US|87|10.0
3837|Italy|86|80.0
3838|Spain|92|45.0
3839|Argentina|85|17.0
3840|US|88|8.0
3841|France|86|9.0
3842|US|89|55.0
3843|US|85|19.0
3844|Italy|87|15.0
3845|Spain|87|18.0
3846|US|88|28.0
3847|US|91|25.0
3848|US|86|24.0
3849|US|82|25.0
3850|US|85|12.0
3851|US|88|18.0
3852|Italy|92|75.0
3853|Spain|85|13.0
3854|Chile|86|30.0
3855|Austria|95|92.0
3856|France|94|
3857|US|87|36.0
3858|US|86|14.0
3859|US|84|8.0
3860|New Zealand|86|8.0
3861|US|92|66.0
3862|US|94|43.0
3863|US|89|22.0
3864|US|92|35.0
3865|US|87|14.0
3866|US|84|9.0
3867|Chile|85|12.0
3868|Italy|87|21.0
3869|Bulgaria|84|8.0
3870|Italy|88|32.0
3871|Italy|89|21.0
3872|US|84|10.0
3873|Greece|86|17.0
3874|US|82|10.0
3875|Spain|86|10.0
3876|Italy|87|35.0
3877|Argentina|90|24.0
3878|Italy|93|60.0
3879|France|90|
3880|France|89|25.0
3881|US|91|33.0
3882|Germany|87|12.0
3883|Croatia|87|19.0
3884|Argentina|89|13.0
3885|US|92|28.0
3886|US|84|25.0
3887|US|92|85.0
3888|Italy|88|60.0
3889|Portugal|85|14.0
3890|Spain|85|14.0
3891|New Zealand|90|24.0
3892|Italy|90|75.0
3893|US|94|55.0
3894|US|85|25.0
3895|Australia|84|28.0
3896|US|84|19.0
3897|France|88|45.0
3898|Spain|94|48.0
3899|Chile|87|9.0
3900|Italy|87|16.0
3901|Italy|88|25.0
3902|US|82|14.0
3903|Italy|91|40.0
3904|US|84|29.0
3905|France|94|128.0
3906|US|87|23.0
3907|Chile|90|35.0
3908|Croatia|90|57.0
3909|Italy|87|16.0
3910|Italy|90|30.0
3911|US|85|12.0
3912|Italy|88|45.0
3913|Italy|84|
3914|US|88|35.0
3915|Portugal|86|12.0
3916|Portugal|88|14.0
3917|Italy|87|28.0
3918|Spain|87|27.0
3919|Spain|85|10.0
3920|France|89|
3921|US|87|34.0
3922|US|92|50.0
3923|France|89|65.0
3924|US|84|35.0
3925|US|86|12.0
3926|US|89|45.0
3927|New Zealand|84|17.0
3928|Argentina|84|5.0
3929|US|87|17.0
3930|Italy|85|23.0
3931|Spain|90|35.0
3932|US|88|80.0
3933|US|83|50.0
3934|Italy|88|65.0
3935|Italy|93|60.0
3936|Israel|90|40.0
3937|US|88|35.0
3938|South Africa|87|19.0
3939|Argentina|84|12.0
3940|France|96|500.0
3941|US|90|32.0
3942|Australia|88|28.0
3943|US|85|25.0
3944|US|91|34.0
3945|Spain|83|15.0
3946|Austria|87|15.0
3947|US|84|27.0
3948|Chile|83|25.0
3949|France|90|24.0
3950|Greece|86|15.0
3951|US|93|35.0
3952|France|91|112.0
3953|Australia|91|66.0
3954|New Zealand|91|50.0
3955|Argentina|90|25.0
3956|US|86|18.0
3957|Italy|88|38.0
3958|Italy|91|60.0
3959|France|88|9.0
3960|Spain|87|14.0
3961|Italy|96|170.0
3962|US|92|28.0
3963|US|96|32.0
3964|US|88|22.0
3965|Italy|88|33.0
3966|Italy|87|20.0
3967|Italy|94|50.0
3968|Spain|85|14.0
3969|Italy|85|20.0
3970|US|92|38.0
3971|France|90|
3972|US|85|15.0
3973|Spain|84|15.0
3974|US|87|32.0
3975|US|85|16.0
3976|Germany|92|
3977|US|91|75.0
3978|Spain|91|24.0
3979|Austria|91|32.0
3980|France|85|19.0
3981|US|89|22.0
3982|US|86|14.0
3983|Italy|87|
3984|US|91|60.0
3985|US|87|20.0
3986|US|87|17.0
3987|Greece|84|32.0
3988|Italy|92|
3989|Italy|87|12.0
3990|US|81|10.0
3991|New Zealand|89|19.0
3992|US|88|15.0
3993|US|88|11.0
3994|France|90|22.0
3995|US|91|25.0
3996|US|90|32.0
3997|US|89|30.0
3998|Italy|86|
3999|US|90|24.0
4000|US|94|235.0
4001|Chile|86|11.0
4002|Argentina|82|17.0
4003|US|87|21.0
4004|US|83|18.0
4005|Italy|87|17.0
4006|France|91|
4007|US|86|19.0
4008|Italy|87|19.0
4009|Chile|86|18.0
4010|Italy|91|60.0
4011|Italy|91|50.0
4012|Spain|92|40.0
4013|US|89|45.0
4014|Chile|87|12.0
4015|US|85|12.0
4016|Australia|90|70.0
4017|Italy|86|24.0
4018|US|88|14.0
4019|US|95|85.0
4020|Portugal|90|
4021|US|94|66.0
4022|Portugal|87|
4023|US|84|10.0
4024|US|91|30.0
4025|US|86|16.0
4026|France|85|12.0
4027|Italy|87|25.0
4028|Portugal|84|32.0
4029|Italy|87|12.0
4030|France|93|70.0
4031|US|95|40.0
4032|US|88|39.0
4033|US|90|111.0
4034|Italy|89|
4035|Italy|91|26.0
4036|US|92|20.0
4037|US|87|42.0
4038|France|87|96.0
4039|US|93|35.0
4040|US|91|60.0
4041|Italy|88|20.0
4042|US|84|16.0
4043|Portugal|86|10.0
4044|Argentina|83|9.0
4045|South Africa|87|28.0
4046|Chile|88|30.0
4047|France|87|13.0
4048|US|87|11.0
4049|US|86|25.0
4050|France|86|
4051|Australia|94|89.0
4052|Chile|88|18.0
4053|US|88|18.0
4054|France|91|
4055|US|86|42.0
4056|South Africa|86|11.0
4057|France|90|26.0
4058|US|91|28.0
4059|Italy|89|21.0
4060|US|85|16.0
4061|US|84|25.0
4062|France|90|14.0
4063|France|85|15.0
4064|France|86|26.0
4065|Italy|90|80.0
4066|New Zealand|85|
4067|US|89|39.0
4068|Spain|94|250.0
4069|Australia|86|20.0
4070|US|92|29.0
4071|Portugal|90|15.0
4072|New Zealand|81|11.0
4073|Italy|93|49.0
4074|US|85|13.0
4075|New Zealand|87|38.0
4076|Italy|91|45.0
4077|Italy|87|22.0
4078|US|92|65.0
4079|Italy|88|25.0
4080|US|91|35.0
4081|US|91|18.0
4082|Spain|88|14.0
4083|US|93|51.0
4084|Italy|88|
4085|US|91|50.0
4086|US|88|26.0
4087|Italy|94|40.0
4088|Italy|86|10.0
4089|US|84|18.0
4090|US|86|20.0
4091|Austria|90|
4092|US|87|22.0
4093|Italy|88|24.0
4094|New Zealand|90|
4095|Italy|90|42.0
4096|Chile|85|10.0
4097|US|87|18.0
4098|US|85|32.0
4099|France|95|
4100|France|90|
4101|Portugal|84|
4102|Argentina|84|13.0
4103|Chile|87|13.0
4104|Portugal|87|
4105|Italy|91|35.0
4106|Spain|87|23.0
4107|Austria|85|15.0
4108|US|81|21.0
4109|US|88|46.0
4110|Italy|85|14.0
4111|Argentina|81|15.0
4112|France|91|60.0
4113|Germany|90|19.0
4114|US|90|95.0
4115|US|90|24.0
4116|Spain|85|25.0
4117|France|85|26.0
4118|Italy|87|
4119|Chile|86|12.0
4120|Spain|93|131.0
4121|US|92|26.0
4122|Italy|90|36.0
4123|Argentina|86|10.0
4124|Chile|84|12.0
4125|France|88|
4126|France|92|
4127|Spain|84|14.0
4128|US|92|65.0
4129|France|93|
4130|US|88|30.0
4131|US|83|25.0
4132|US|90|42.0
4133|US|89|80.0
4134|South Africa|87|24.0
4135|US|90|30.0
4136|US|90|40.0
4137|Australia|89|16.0
4138|Spain|89|42.0
4139|US|90|50.0
4140|France|91|
4141|Italy|89|60.0
4142|Italy|84|18.0
4143|Austria|86|25.0
4144|US|91|50.0
4145|Argentina|83|21.0
4146|Spain|86|7.0
4147|US|89|29.0
4148|Italy|94|55.0
4149|France|93|
4150|Spain|86|7.0
4151|US|92|45.0
4152|US|92|60.0
4153|Italy|90|75.0
4154|Austria|85|26.0
4155|US|88|22.0
4156|US|87|48.0
4157|US|88|65.0
4158|US|83|75.0
4159|US|90|21.0
4160|US|91|60.0
4161|US|87|95.0
4162|US|88|12.0
4163|US|86|20.0
4164|New Zealand|91|27.0
4165|New Zealand|88|15.0
4166|US|88|20.0
4167|US|84|70.0
4168|US|86|17.0
4169|US|82|12.0
4170|US|86|27.0
4171|US|82|33.0
4172|France|93|120.0
4173|France|86|17.0
4174|Chile|91|24.0
4175|Italy|91|20.0
4176|France|93|169.0
4177|Portugal|90|45.0
4178|France|89|54.0
4179|US|86|27.0
4180|US|90|42.0
4181|US|87|20.0
4182|US|86|18.0
4183|US|90|50.0
4184|US|94|65.0
4185|Spain|84|10.0
4186|Australia|87|45.0
4187|US|82|12.0
4188|Austria|90|
4189|Italy|84|15.0
4190|US|84|14.0
4191|US|86|16.0
4192|New Zealand|91|55.0
4193|US|95|30.0
4194|US|87|55.0
4195|Spain|88|20.0
4196|Italy|84|20.0
4197|France|90|27.0
4198|Spain|91|60.0
4199|France|90|23.0
4200|Australia|90|19.0
4201|France|84|
4202|Italy|85|25.0
4203|Australia|85|18.0
4204|Spain|86|18.0
4205|Spain|86|11.0
4206|Argentina|88|15.0
4207|France|90|75.0
4208|Italy|84|10.0
4209|Portugal|92|37.0
4210|Chile|80|12.0
4211|Italy|87|
4212|US|90|24.0
4213|US|90|17.0
4214|France|86|22.0
4215|US|84|18.0
4216|Italy|87|40.0
4217|US|88|40.0
4218|US|89|28.0
4219|US|92|45.0
4220|Italy|87|60.0
4221|Spain|84|18.0
4222|US|84|15.0
4223|Australia|88|20.0
4224|US|90|25.0
4225|US|88|21.0
4226|France|87|11.0
4227|Italy|86|17.0
4228|Australia|89|28.0
4229|Italy|87|
4230|Hungary|84|12.0
4231|France|88|
4232|US|88|20.0
4233|Italy|90|50.0
4234|Chile|87|20.0
4235|Austria|88|
4236|US|93|32.0
4237|US|93|60.0
4238|US|81|15.0
4239|Austria|93|71.0
4240|New Zealand|89|16.0
4241|Italy|94|70.0
4242|France|86|10.0
4243|New Zealand|89|25.0
4244|US|86|10.0
4245|US|87|30.0
4246|US|90|16.0
4247|US|90|21.0
4248|US|85|35.0
4249|France|91|59.0
4250|France|92|135.0
4251|Italy|93|135.0
4252|Hungary|91|20.0
4253|Spain|85|75.0
4254|US|84|30.0
4255|US|86|23.0
4256|Argentina|82|17.0
4257|US|83|11.0
4258|France|89|
4259|France|92|26.0
4260|US|92|28.0
4261|Austria|90|38.0
4262|US|90|55.0
4263|France|91|150.0
4264|US|89|35.0
4265|US|90|28.0
4266|US|90|20.0
4267|US|92|35.0
4268|US|94|45.0
4269|France|85|13.0
4270|US|85|20.0
4271|France|92|149.0
4272|Spain|93|89.0
4273|Italy|83|11.0
4274|France|88|35.0
4275|Portugal|85|10.0
4276|South Africa|86|11.0
4277|Chile|87|15.0
4278|Austria|88|33.0
4279|Italy|86|
4280|France|92|35.0
4281|US|95|28.0
4282|France|88|
4283|US|87|34.0
4284|Spain|88|20.0
4285|Spain|89|15.0
4286|US|87|12.0
4287|US|89|25.0
4288|Italy|85|13.0
4289|US|91|35.0
4290|Italy|90|75.0
4291|France|86|32.0
4292|US|85|24.0
4293|Austria|86|14.0
4294|US|86|44.0
4295|US|90|42.0
4296|Chile|87|11.0
4297|France|85|14.0
4298|Australia|88|30.0
4299|France|87|30.0
4300|Italy|86|25.0
4301|US|85|12.0
4302|US|87|15.0
4303|Argentina|90|23.0
4304|US|80|29.0
4305|US|92|48.0
4306|US|83|11.0
4307|US|92|19.0
4308|Argentina|86|12.0
4309|US|84|39.0
4310|Argentina|84|22.0
4311|Australia|91|30.0
4312|US|88|14.0
4313|Portugal|84|35.0
4314|Italy|90|59.0
4315|Italy|89|29.0
4316|Spain|84|10.0
4317|US|88|20.0
4318|US|85|26.0
4319|New Zealand|87|40.0
4320|US|87|27.0
4321|US|83|25.0
4322|Australia|87|17.0
4323|US|88|20.0
4324|Chile|87|16.0
4325|France|90|45.0
4326|France|95|
4327|US|96|78.0
4328|US|82|16.0
4329|US|90|34.0
4330|France|95|
4331|US|93|63.0
4332|France|84|27.0
4333|US|87|25.0
4334|Argentina|87|12.0
4335|France|89|26.0
4336|France|85|17.0
4337|Israel|87|65.0
4338|Italy|91|75.0
4339|South Africa|83|9.0
4340|France|88|29.0
4341|Portugal|89|
4342|Argentina|83|12.0
4343|Spain|93|71.0
4344|Spain|85|16.0
4345|Italy|85|18.0
4346|US|85|22.0
4347|Greece|86|13.0
4348|Italy|90|43.0
4349|France|85|16.0
4350|US|90|30.0
4351|Italy|82|28.0
4352|US|91|35.0
4353|France|87|23.0
4354|Spain|85|20.0
4355|US|90|50.0
4356|US|89|35.0
4357|US|88|20.0
4358|Italy|91|28.0
4359|France|94|
4360|France|90|
4361|France|92|36.0
4362|US|87|16.0
4363|US|90|54.0
4364|US|92|60.0
4365|Italy|90|
4366|US|91|28.0
4367|Spain|89|15.0
4368|Chile|91|27.0
4369|US|87|25.0
4370|Australia|87|25.0
4371|US|85|17.0
4372|Australia|93|50.0
4373|US|84|27.0
4374|US|90|75.0
4375|France|86|36.0
4376|Italy|90|41.0
4377|Italy|93|45.0
4378|US|89|15.0
4379|France|91|
4380|Portugal|84|10.0
4381|Spain|89|14.0
4382|Spain|89|29.0
4383|US|86|29.0
4384|Germany|87|13.0
4385|Australia|91|65.0
4386|Chile|89|19.0
4387|US|83|25.0
4388|US|88|26.0
4389|Argentina|86|19.0
4390|US|84|11.0
4391|Italy|90|21.0
4392|Spain|88|14.0
4393|Spain|84|15.0
4394|Argentina|87|20.0
4395|Italy|88|37.0
4396|US|92|35.0
4397|France|87|
4398||90|30.0
4399|US|85|35.0
4400|Italy|84|28.0
4401|Israel|86|16.0
4402|France|87|
4403|France|90|
4404|Italy|88|50.0
4405|Italy|89|25.0
4406|Chile|82|12.0
4407|France|84|
4408|Austria|90|
4409|Italy|86|
4410|Germany|90|50.0
4411|France|94|70.0
4412|US|90|30.0
4413|US|92|32.0
4414|US|89|20.0
4415|Chile|87|13.0
4416|Italy|87|20.0
4417|France|93|139.0
4418|France|86|20.0
4419|US|86|25.0
4420|France|87|12.0
4421|Italy|90|
4422|US|86|16.0
4423|Italy|85|
4424|US|92|40.0
4425|France|85|
4426|Spain|86|10.0
4427|Italy|86|17.0
4428|US|87|12.0
4429|US|92|80.0
4430|Israel|87|18.0
4431|US|84|16.0
4432|France|86|12.0
4433|US|82|38.0
4434|US|87|38.0
4435|US|88|15.0
4436|France|85|14.0
4437|US|88|50.0
4438|Italy|87|12.0
4439|Italy|87|20.0
4440|US|85|15.0
4441|South Africa|90|32.0
4442|France|93|24.0
4443|Italy|86|
4444|US|88|40.0
4445|Italy|87|25.0
4446|France|88|
4447|Spain|86|10.0
4448|US|87|49.0
4449|Israel|90|20.0
4450|Italy|87|39.0
4451|US|92|40.0
4452|Italy|91|62.0
4453|US|88|38.0
4454|France|85|22.0
4455|US|94|100.0
4456|US|89|20.0
4457|Portugal|91|
4458|Italy|88|16.0
4459|Italy|90|47.0
4460|France|90|65.0
4461|Germany|88|24.0
4462|France|87|15.0
4463|US|84|18.0
4464|US|86|8.0
4465|Italy|88|
4466|Chile|85|10.0
4467|Italy|91|52.0
4468|US|92|42.0
4469|Austria|88|
4470|Argentina|84|8.0
4471|Italy|86|21.0
4472|US|95|90.0
4473|US|90|48.0
4474|New Zealand|90|20.0
4475|US|94|65.0
4476|US|90|22.0
4477|US|88|50.0
4478|US|92|34.0
4479|US|82|13.0
4480|US|90|45.0
4481|US|87|80.0
4482|US|92|25.0
4483|US|84|38.0
4484|Spain|87|12.0
4485|US|89|18.0
4486|US|87|25.0
4487|US|84|9.0
4488|US|84|23.0
4489|US|85|42.0
4490|Spain|84|9.0
4491|France|85|
4492|US|87|17.0
4493|US|86|12.0
4494|US|90|38.0
4495|France|87|40.0
4496|Germany|92|37.0
4497|US|90|43.0
4498|Italy|88|55.0
4499|France|91|
4500|US|92|55.0
4501|Australia|86|13.0
4502|US|84|24.0
4503|US|87|25.0
4504|France|87|45.0
4505|Italy|90|74.0
4506|Argentina|86|10.0
4507|France|91|
4508|New Zealand|89|24.0
4509|Germany|88|24.0
4510|Italy|91|40.0
4511|New Zealand|81|
4512|France|90|108.0
4513|US|90|49.0
4514|Italy|84|15.0
4515|Chile|87|14.0
4516|US|95|100.0
4517|US|91|30.0
4518|US|89|24.0
4519|US|88|24.0
4520|Germany|82|12.0
4521|Spain|82|6.0
4522|France|87|
4523|France|91|70.0
4524|New Zealand|86|10.0
4525|Italy|92|70.0
4526|US|93|67.0
4527|Spain|86|17.0
4528|US|87|24.0
4529|Italy|87|
4530|France|89|
4531|New Zealand|89|17.0
4532|France|89|28.0
4533|US|87|16.0
4534|France|92|32.0
4535|US|82|35.0
4536|US|85|13.0
4537|Israel|85|35.0
4538|US|87|24.0
4539|France|89|19.0
4540|US|90|42.0
4541|France|90|22.0
4542|US|84|18.0
4543|US|84|16.0
4544|US|90|16.0
4545|US|84|24.0
4546|Portugal|91|
4547|US|90|39.0
4548|Austria|85|
4549|US|94|36.0
4550|US|86|29.0
4551|Italy|86|14.0
4552|US|93|65.0
4553|Italy|83|11.0
4554|US|90|28.0
4555|France|90|
4556|US|91|69.0
4557|US|91|50.0
4558|Italy|93|80.0
4559|France|93|150.0
4560|US|87|15.0
4561|US|87|30.0
4562|Portugal|89|14.0
4563|France|86|17.0
4564|Australia|90|23.0
4565|US|83|36.0
4566|France|88|19.0
4567|France|89|
4568|US|93|35.0
4569|Australia|82|37.0
4570|France|88|
4571|Argentina|80|14.0
4572|Chile|90|20.0
4573|US|91|64.0
4574|US|89|35.0
4575|US|87|25.0
4576|US|89|18.0
4577|US|85|22.0
4578|US|90|14.0
4579|US|82|15.0
4580|France|88|
4581|Italy|87|26.0
4582|US|90|37.0
4583|US|83|20.0
4584|New Zealand|87|15.0
4585|US|88|15.0
4586|US|89|34.0
4587|France|88|23.0
4588|France|89|
4589|US|87|
4590|Australia|87|12.0
4591|France|87|18.0
4592|Spain|84|10.0
4593|US|88|16.0
4594|Chile|87|40.0
4595|Italy|90|25.0
4596|US|87|36.0
4597|France|90|30.0
4598|Portugal|88|16.0
4599|Italy|87|15.0
4600|US|87|16.0
4601|France|92|
4602|US|89|35.0
4603|US|87|22.0
4604|US|93|30.0
4605|Spain|87|13.0
4606|Portugal|84|10.0
4607|France|86|17.0
4608|US|81|8.0
4609|Chile|88|13.0
4610|Chile|83|17.0
4611|Austria|90|15.0
4612|Portugal|92|
4613|US|87|19.0
4614|US|85|40.0
4615|US|87|
4616|US|93|300.0
4617|Italy|86|20.0
4618|US|91|45.0
4619|US|90|10.0
4620|France|92|22.0
4621|Italy|91|35.0
4622|Italy|91|22.0
4623|US|88|20.0
4624|US|94|135.0
4625|Argentina|85|12.0
4626|Italy|94|70.0
4627|US|84|16.0
4628|Spain|86|12.0
4629|Germany|88|25.0
4630|Argentina|85|10.0
4631|US|84|10.0
4632|Italy|84|22.0
4633|Australia|87|17.0
4634|France|91|
4635|US|93|42.0
4636|US|90|50.0
4637|US|86|11.0
4638|US|88|20.0
4639|Chile|85|11.0
4640|Italy|90|56.0
4641|US|81|33.0
4642|France|96|380.0
4643|US|82|55.0
4644|US|88|40.0
4645|US|87|13.0
4646|New Zealand|83|14.0
4647|Spain|92|63.0
4648|Italy|91|75.0
4649|Argentina|86|10.0
4650|Austria|86|15.0
4651|US|89|25.0
4652|Spain|88|42.0
4653|Australia|84|7.0
4654|Argentina|84|10.0
4655|US|83|22.0
4656|US|82|14.0
4657|South Africa|90|29.0
4658|US|87|35.0
4659|US|87|60.0
4660|US|92|100.0
4661|Argentina|92|90.0
4662|US|89|39.0
4663|Italy|89|28.0
4664|Spain|85|43.0
4665|Israel|85|45.0
4666|Argentina|86|19.0
4667|US|89|25.0
4668|New Zealand|90|17.0
4669|US|84|12.0
4670|France|87|19.0
4671|US|90|35.0
4672|US|84|6.0
4673|US|88|19.0
4674|Chile|91|25.0
4675|US|91|20.0
4676|Spain|83|
4677|Israel|87|24.0
4678|US|83|11.0
4679|US|94|65.0
4680|Italy|85|
4681|Spain|85|16.0
4682|US|85|50.0
4683|Italy|92|54.0
4684|US|83|22.0
4685|Germany|87|42.0
4686|Spain|92|100.0
4687|Spain|90|35.0
4688|US|88|16.0
4689|Australia|86|25.0
4690|US|88|19.0
4691|Italy|82|11.0
4692|US|86|15.0
4693|US|91|20.0
4694|Australia|96|120.0
4695|Australia|83|19.0
4696|France|88|65.0
4697|Italy|86|11.0
4698|US|92|25.0
4699|Argentina|88|15.0
4700|US|88|34.0
4701|US|95|40.0
4702|France|94|187.0
4703|Slovenia|90|60.0
4704|US|83|20.0
4705|Spain|88|30.0
4706|France|84|15.0
4707|Austria|91|42.0
4708|US|92|60.0
4709|New Zealand|92|29.0
4710|Australia|91|45.0
4711|New Zealand|92|
4712|US|87|20.0
4713|US|87|27.0
4714|US|90|32.0
4715|Australia|85|18.0
4716|US|95|48.0
4717|South Africa|87|12.0
4718|Austria|89|50.0
4719|US|86|20.0
4720|Italy|91|
4721|South Africa|87|20.0
4722|US|86|24.0
4723|Italy|88|13.0
4724|France|89|
4725|Italy|89|
4726|Chile|89|19.0
4727|US|93|32.0
4728|Italy|88|30.0
4729|US|87|58.0
4730|New Zealand|82|29.0
4731|France|90|48.0
4732|US|85|26.0
4733|Italy|89|29.0
4734|Austria|90|14.0
4735|US|86|18.0
4736|New Zealand|86|27.0
4737|Spain|86|16.0
4738|Germany|92|48.0
4739|Chile|83|12.0
4740|France|88|18.0
4741|US|82|14.0
4742|France|87|17.0
4743|US|92|40.0
4744|US|92|140.0
4745|France|90|
4746|France|92|38.0
4747|Spain|91|32.0
4748|US|89|60.0
4749|US|92|30.0
4750|France|88|70.0
4751|Italy|90|30.0
4752|US|82|27.0
4753|France|99|450.0
4754|Germany|87|13.0
4755|US|91|40.0
4756|France|90|65.0
4757|Portugal|88|11.0
4758|France|87|13.0
4759|Austria|87|12.0
4760|Italy|92|145.0
4761|Portugal|91|24.0
4762|France|85|30.0
4763|Chile|86|9.0
4764|Italy|90|20.0
4765|Italy|83|21.0
4766|Spain|87|16.0
4767|US|89|50.0
4768|US|87|28.0
4769|US|87|32.0
4770|Italy|93|42.0
4771|Italy|87|40.0
4772|US|86|50.0
4773|Austria|91|70.0
4774|France|92|70.0
4775|France|86|15.0
4776|France|86|20.0
4777|US|93|50.0
4778|US|90|125.0
4779|US|88|25.0
4780|Italy|86|15.0
4781|US|87|20.0
4782|France|90|43.0
4783|Croatia|88|20.0
4784|US|83|10.0
4785|Australia|89|13.0
4786|US|83|8.0
4787|US|87|12.0
4788|US|89|17.0
4789|Chile|85|11.0
4790|Italy|91|42.0
4791|US|84|11.0
4792|France|87|20.0
4793|Italy|91|65.0
4794|US|86|30.0
4795|France|89|
4796|Australia|85|40.0
4797|New Zealand|87|19.0
4798|US|88|18.0
4799|Argentina|85|14.0
4800|Germany|93|55.0
4801|US|85|7.0
4802|Argentina|86|16.0
4803|Argentina|87|20.0
4804|US|88|55.0
4805|US|91|55.0
4806|Italy|83|18.0
4807|Chile|90|24.0
4808|US|87|50.0
4809|France|88|14.0
4810|US|92|34.0
4811|US|89|42.0
4812|Italy|88|25.0
4813|US|84|8.0
4814|US|89|28.0
4815|Italy|87|40.0
4816|US|85|12.0
4817|US|90|68.0
4818|US|89|40.0
4819|France|87|23.0
4820|Australia|90|14.0
4821|France|87|14.0
4822|US|91|25.0
4823|France|85|11.0
4824|Australia|84|11.0
4825|New Zealand|87|18.0
4826|Australia|92|165.0
4827|Italy|88|
4828|US|87|30.0
4829|France|90|79.0
4830|US|86|10.0
4831|US|93|55.0
4832|South Africa|89|21.0
4833|Spain|85|17.0
4834|Austria|88|45.0
4835|Spain|89|15.0
4836|France|87|
4837|US|81|14.0
4838|US|87|15.0
4839|South Africa|87|25.0
4840|Australia|87|30.0
4841|US|89|35.0
4842|Austria|91|20.0
4843|Argentina|84|15.0
4844|France|92|
4845|US|86|25.0
4846|Austria|89|16.0
4847|Germany|89|19.0
4848|US|90|28.0
4849|US|85|30.0
4850|US|93|125.0
4851|US|88|28.0
4852|France|85|15.0
4853|South Africa|84|11.0
4854|South Africa|90|25.0
4855|US|84|14.0
4856|Chile|86|14.0
4857|US|90|34.0
4858|Italy|91|
4859|US|96|175.0
4860|France|92|28.0
4861|US|83|14.0
4862|US|89|30.0
4863|US|88|12.0
4864|Italy|90|22.0
4865|Chile|86|9.0
4866|Portugal|90|16.0
4867|France|92|19.0
4868|Italy|85|13.0
4869|Italy|89|30.0
4870|Portugal|88|18.0
4871|US|88|29.0
4872|Austria|91|52.0
4873|South Africa|86|14.0
4874|US|90|45.0
4875|Germany|84|8.0
4876|France|86|56.0
4877|Chile|89|30.0
4878|France|88|
4879|US|92|45.0
4880|US|88|13.0
4881|Argentina|84|30.0
4882|Chile|85|13.0
4883|US|90|21.0
4884|US|86|17.0
4885|South Africa|87|30.0
4886|US|89|28.0
4887|New Zealand|89|32.0
4888|France|93|
4889|US|85|12.0
4890|US|90|43.0
4891|France|86|40.0
4892|France|90|20.0
4893|Chile|83|25.0
4894|US|87|12.0
4895|US|93|65.0
4896|Spain|88|18.0
4897|US|85|24.0
4898|Spain|84|9.0
4899|US|86|60.0
4900|US|88|25.0
4901|Italy|90|
4902|Argentina|84|28.0
4903|Italy|89|40.0
4904|France|90|21.0
4905|Spain|88|18.0
4906|Portugal|84|
4907|US|86|29.0
4908|Australia|93|65.0
4909|US|91|125.0
4910|Italy|90|38.0
4911|Portugal|88|10.0
4912|US|86|15.0
4913|Australia|86|9.0
4914|Italy|88|24.0
4915|Italy|90|20.0
4916|Spain|80|11.0
4917|Italy|86|21.0
4918|Italy|90|25.0
4919|US|83|38.0
4920|Spain|82|10.0
4921|US|90|48.0
4922|US|85|30.0
4923|New Zealand|90|
4924|US|87|19.0
4925|Italy|88|20.0
4926|Italy|84|12.0
4927|US|89|42.0
4928|US|91|21.0
4929|Germany|87|22.0
4930|Australia|93|99.0
4931|Chile|88|20.0
4932|Argentina|88|22.0
4933|US|82|24.0
4934|Australia|88|20.0
4935|US|90|20.0
4936|Australia|92|40.0
4937|Spain|88|14.0
4938|US|92|
4939|Argentina|84|10.0
4940|Germany|88|23.0
4941|South Africa|87|10.0
4942|France|92|19.0
4943|New Zealand|88|24.0
4944|Spain|90|30.0
4945|US|84|20.0
4946|Argentina|88|15.0
4947|Australia|88|15.0
4948|US|88|79.0
4949|Italy|90|90.0
4950|Italy|90|93.0
4951|Italy|87|28.0
4952|Argentina|85|20.0
4953|Austria|90|35.0
4954|Chile|88|35.0
4955|US|87|27.0
4956|Argentina|87|13.0
4957|US|90|32.0
4958|Italy|87|14.0
4959|Germany|90|75.0
4960|US|88|32.0
4961|France|87|16.0
4962|France|92|78.0
4963|France|88|22.0
4964|Austria|88|
4965|France|88|
4966|Chile|87|15.0
4967|Portugal|83|12.0
4968|Argentina|93|60.0
4969|US|88|32.0
4970|Spain|90|46.0
4971|Argentina|85|11.0
4972|US|92|32.0
4973|Spain|86|14.0
4974|US|87|30.0
4975|US|85|15.0
4976|France|93|
4977|US|91|35.0
4978|Spain|90|25.0
4979|Germany|83|16.0
4980|US|83|32.0
4981|Australia|87|30.0
4982|US|88|19.0
4983|France|90|
4984|Italy|87|26.0
4985|South Africa|89|30.0
4986|US|90|30.0
4987|Italy|87|20.0
4988|US|88|46.0
4989|US|95|150.0
4990|US|89|15.0
4991|Italy|89|14.0
4992|Argentina|84|17.0
4993|Argentina|87|13.0
4994|US|91|24.0
4995|Portugal|90|24.0
4996|Australia|89|18.0
4997|Spain|87|49.0
4998|Moldova|86|9.0
4999|Italy|88|45.0
